avg_pts_last3,avg_pts_last5,form_trend,avg_minutes_last3,avg_xgi_last3,avg_ict_last3,avg_bps_last3,is_home,value,avg_fixture_difficulty,player_id,predicted_pts,id,web_name,element_type,now_cost,team
5.0,4.4,0.5999999999999996,90.0,0.0,2.066666666666667,22.333333333333332,0,59,3.0,1,2.9949757080095765,1,Raya,1,60,1
0.0,0.0,0.0,0.0,0.0,0.0,0.0,0,41,3.0,2,0.040714669660347085,2,Arrizabalaga,1,41,1
0.0,0.0,0.0,0.0,0.0,0.0,0.0,0,40,3.0,3,0.036727507219131,3,Hein,1,40,1
0.0,0.0,0.0,0.0,0.0,0.0,0.0,0,39,3.0,4,0.036727507219131,4,Setford,1,39,1
5.666666666666667,5.2,0.4666666666666668,90.0,0.07666666666666666,4.3,24.0,0,71,3.0,5,5.273146714387692,5,Gabriel,2,71,1
4.333333333333333,4.4,-0.06666666666666732,60.0,0.013333333333333334,1.3333333333333337,16.333333333333332,0,61,3.0,6,1.6979098147241607,6,Saliba,2,61,1
2.6666666666666665,1.6,1.0666666666666664,30.0,0.10333333333333333,0.733333333333334,7.333333333333333,0,56,3.0,7,3.0332487237760666,7,Calafiori,2,56,1
4.333333333333333,3.8,0.5333333333333332,90.0,0.15666666666666665,3.0,19.666666666666668,0,64,3.0,8,2.6010733300642084,8,J.Timber,2,64,1
0.0,0.0,0.0,0.0,0.0,0.0,0.0,0,54,3.0,9,0.1368970851471033,9,Kiwior,2,54,1
0.0,0.0,0.0,0.0,0.0,0.0,0.0,0,51,3.0,10,0.15763932941548836,10,Lewis-Skelly,2,51,1
0.0,1.4,-1.4,0.0,0.0,0.0,0.0,0,51,3.0,11,0.5770729626306854,11,White,2,51,1
0.0,0.0,0.0,0.0,0.0,0.0,0.0,1,49,3.6666666666666665,12,0.12499292419232864,12,Zinchenko,2,49,16
0.0,0.0,0.0,0.0,0.0,0.0,0.0,0,38,3.0,13,0.03690566294694827,13,Clarke,2,38,1
0.0,0.0,0.0,0.0,0.0,0.0,0.0,0,39,3.0,14,0.036727507219131,14,Kacurri,2,39,1
0.0,0.0,0.0,0.0,0.0,0.0,0.0,0,37,3.0,15,0.03690566294694827,15,Nichols,2,37,1
0.3333333333333333,0.8,-0.46666666666666673,6.666666666666667,0.0,0.09999999999999999,0.6666666666666666,0,99,3.0,16,5.019688536800722,16,Saka,3,98,1
1.6666666666666667,2.0,-0.33333333333333326,24.666666666666668,0.11,2.0333333333333328,6.333333333333333,0,78,3.0,17,0.8778673310690037,17,Ødegaard,3,78,1
8.666666666666666,5.6,3.0666666666666664,62.666666666666664,0.18666666666666668,6.833333333333333,26.0,0,68,3.0,18,2.9315311697724185,18,Madueke,3,68,1
3.0,2.0,1.0,22.666666666666668,0.25666666666666665,4.7,14.0,0,68,3.0,19,1.8306208271609685,19,Martinelli,3,68,1
3.6666666666666665,2.8,0.8666666666666667,82.66666666666667,0.26,6.0666666666666655,16.666666666666668,0,68,3.0,20,2.7886044961465872,20,Trossard,3,68,1
4.333333333333333,3.4,0.9333333333333331,90.0,0.2333333333333334,6.6000000000000005,19.666666666666668,0,75,3.0,21,6.330487687573584,21,Rice,3,76,1
0.0,1.6,-1.6,0.0,0.0,0.0,0.0,0,54,3.0,22,0.8783350310701596,22,Merino,3,54,1
0.0,0.0,0.0,0.0,0.0,0.0,0.0,0,54,3.0,23,0.1368970851471033,23,Fábio Vieira,3,54,1
0.3333333333333333,0.2,0.1333333333333333,0.3333333333333333,0.0,0.03333333333333333,1.0,0,51,3.0,24,0.42066382302717525,24,Nørgaard,3,51,1
0.0,0.0,0.0,0.0,0.0,0.0,0.0,0,50,3.0,25,0.12499292419232864,25,Nwaneri,3,50,1
7.333333333333333,5.2,2.133333333333333,90.0,0.24333333333333332,5.2,29.0,0,53,3.0,26,4.023269505950205,26,Zubimendi,3,53,1
0.0,0.2,-0.2,0.0,0.0,0.0,0.0,1,48,2.6666666666666665,27,0.17551535583108085,27,Nelson,3,48,5
0.0,0.0,0.0,0.0,0.0,0.0,0.0,0,45,3.0,28,0.040714669660347085,28,Kabia,3,45,1
0.0,0.0,0.0,0.0,0.0,0.0,0.0,0,45,3.0,29,0.040714669660347085,29,Sambi,3,45,1
2.3333333333333335,1.4,0.9333333333333336,42.0,0.08666666666666667,2.733333333333333,12.0,0,73,3.0,30,0.8510978237394324,30,Havertz,4,73,1
2.0,1.6,0.3999999999999999,24.333333333333332,0.26,3.5333333333333337,9.0,0,64,3.0,31,1.7324300080052983,31,G.Jesus,4,64,1
6.0,4.2,1.7999999999999998,90.0,0.0033333333333333335,3.0666666666666664,23.333333333333332,1,50,2.3333333333333335,32,2.9051530391363585,32,Martinez,1,50,2
0.0,0.4,-0.4,0.0,0.0,0.0,0.0,1,42,2.3333333333333335,33,0.23829979949751895,33,M.Bizot,1,42,2
0.0,0.0,0.0,0.0,0.0,0.0,0.0,1,40,2.3333333333333335,34,0.03624146261434214,34,Gauci,1,40,2
0.0,0.0,0.0,0.0,0.0,0.0,0.0,1,40,2.3333333333333335,35,0.03624146261434214,35,Marschall,1,40,2
3.3333333333333335,3.6,-0.2666666666666666,90.0,0.22,4.833333333333333,13.0,1,49,2.3333333333333335,36,3.666139541482073,36,Cash,2,49,2
2.3333333333333335,3.4,-1.0666666666666664,33.333333333333336,0.15333333333333335,2.0666666666666678,9.0,1,45,2.3333333333333335,37,0.8214329290806708,37,Digne,2,45,2
3.3333333333333335,3.8,-0.46666666666666634,90.0,0.1466666666666667,2.033333333333333,17.0,1,44,2.3333333333333335,38,3.623866168594409,38,Konsa,2,44,2
2.6666666666666665,2.2,0.46666666666666634,64.33333333333333,0.23000000000000007,4.066666666666667,16.0,1,42,2.3333333333333335,39,4.837466500271974,39,Maatsen,2,42,2
1.0,0.6,0.4,35.0,0.03333333333333333,1.2333333333333334,5.333333333333333,1,43,2.3333333333333335,40,3.8725607001935356,40,Mings,2,43,2
2.6666666666666665,2.0,0.6666666666666665,54.666666666666664,0.1466666666666667,1.4666666666666668,11.0,1,43,2.3333333333333335,41,1.6994880882848002,41,Pau,2,43,2
0.0,0.0,0.0,0.0,0.0,0.0,0.0,1,39,2.3333333333333335,42,0.03624146261434214,42,A.García,2,39,2
0.0,0.0,0.0,0.0,0.0,0.0,0.0,1,40,2.3333333333333335,43,0.03624146261434214,43,Alex Moreno,2,40,2
1.0,1.0,0.0,21.666666666666668,0.0033333333333333335,0.3333333333333333,2.6666666666666665,1,40,2.3333333333333335,44,1.0919144987620895,44,Bogarde,2,40,2
0.0,0.0,0.0,0.0,0.0,0.0,0.0,1,38,2.3333333333333335,45,0.03641961834215941,45,Sousa,2,38,2
0.0,0.0,0.0,0.0,0.0,0.0,0.0,1,40,2.3333333333333335,46,0.03624146261434214,46,Yasin,2,40,2
6.666666666666667,5.0,1.666666666666667,90.0,0.30333333333333345,9.533333333333333,24.0,1,76,2.3333333333333335,47,3.3465832747551096,47,Rogers,3,76,2
1.0,1.6,-0.6000000000000001,24.333333333333332,0.09666666666666666,2.5,6.333333333333333,1,59,2.3333333333333335,48,1.4896271446474354,48,Tielemans,3,59,2
1.0,0.6,0.4,33.333333333333336,0.15333333333333332,2.6,4.0,1,55,2.3333333333333335,49,2.5172011790536395,49,Bailey,3,55,2
4.666666666666667,3.4,1.266666666666667,76.33333333333333,0.26999999999999996,7.100000000000001,16.666666666666668,1,53,2.3333333333333335,50,1.2851448159368595,50,Buendía,3,53,2
0.0,0.0,0.0,0.0,0.0,0.0,0.0,1,55,2.3333333333333335,51,0.13982336269625645,51,Iling Jr,3,55,2
1.0,0.8,0.19999999999999996,45.0,0.03,0.7000000000000001,5.333333333333333,0,53,3.6666666666666665,52,2.351564651154728,52,J.Ramsey,3,53,15
0.0,0.2,-0.2,0.0,0.0,0.0,0.0,1,51,2.3333333333333335,53,0.24798916971216198,53,Malen,3,51,2
0.0,0.8,-0.8,0.0,0.0,0.0,0.0,1,54,2.3333333333333335,54,0.2568481902484769,54,McGinn,3,54,2
0.3333333333333333,0.2,0.1333333333333333,4.333333333333333,0.0,0.7333333333333328,2.6666666666666665,1,48,2.3333333333333335,55,0.5804143432688276,55,Barkley,3,48,2
0.0,0.0,0.0,0.0,0.0,0.0,0.0,1,50,2.3333333333333335,56,0.12450687958753978,56,Barrenechea,3,50,2
0.0,0.0,0.0,0.0,0.0,0.0,0.0,1,50,2.3333333333333335,57,0.12450687958753978,57,Dobbin,3,50,2
0.0,0.6,-0.6,0.0,0.0,0.0,0.0,1,49,2.3333333333333335,58,0.2757439076516063,58,Kamara,3,49,2
3.0,1.8,1.2,59.333333333333336,0.01,2.4,11.666666666666666,1,48,2.3333333333333335,59,2.949968783614553,59,Onana,3,48,2
0.0,0.0,0.0,0.0,0.0,0.0,0.0,1,44,2.3333333333333335,60,0.04022862505555823,60,Broggio,3,44,2
0.0,0.0,0.0,0.0,0.0,0.0,0.0,1,45,2.3333333333333335,62,0.04022862505555823,62,Jimoh-Aloba,3,45,2
0.0,0.0,0.0,0.0,0.0,0.0,0.0,1,43,2.3333333333333335,63,0.04022862505555823,63,Young,3,43,2
3.3333333333333335,2.8,0.5333333333333337,58.333333333333336,0.25333333333333324,5.566666666666666,12.0,1,87,2.3333333333333335,64,1.8823119056540092,64,Watkins,4,86,2
0.0,0.0,0.0,0.0,0.0,0.0,0.0,1,45,2.3333333333333335,65,0.04022862505555823,65,Redmond,4,45,2
0.0,0.0,0.0,0.0,0.0,0.0,0.0,0,45,2.3333333333333335,66,0.04022862505555823,66,Neto,1,45,4
4.666666666666667,3.4,1.266666666666667,90.0,0.0,2.8333333333333335,18.666666666666668,0,45,2.3333333333333335,67,1.5576683939025011,67,Petrović,1,45,4
0.0,0.0,0.0,0.0,0.0,0.0,0.0,0,40,2.3333333333333335,68,0.03624146261434214,68,Dennis,1,40,4
0.0,0.0,0.0,0.0,0.0,0.0,0.0,0,39,2.3333333333333335,69,0.03624146261434214,69,McKenna,1,39,4
0.0,0.0,0.0,0.0,0.0,0.0,0.0,0,40,2.3333333333333335,70,0.03624146261434214,70,Paulsen,1,40,4
0.0,0.0,0.0,0.0,0.0,0.0,0.0,0,50,2.3333333333333335,71,0.12450687958753978,71,Zabarnyi,2,50,4
4.333333333333333,4.4,-0.06666666666666732,90.0,0.34333333333333343,4.266666666666666,15.333333333333334,0,48,2.3333333333333335,72,2.722583897054288,72,Senesi,2,48,4
2.6666666666666665,1.6,1.0666666666666664,61.333333333333336,0.0,1.0,11.0,0,44,2.3333333333333335,73,0.7848345545557152,73,Smith,2,44,4
3.6666666666666665,3.2,0.46666666666666634,90.0,0.01,2.0666666666666673,13.666666666666666,0,45,2.3333333333333335,74,2.5287626790670905,74,Truffert,2,45,4
0.0,0.0,0.0,0.0,0.0,0.0,0.0,0,38,2.3333333333333335,75,0.03641961834215941,75,Akinmboni,2,38,4
0.0,0.0,0.0,0.0,0.0,0.0,0.0,0,38,2.3333333333333335,76,0.03641961834215941,76,Bevan,2,38,4
6.666666666666667,5.0,1.666666666666667,90.0,0.10666666666666667,4.333333333333334,21.333333333333332,0,39,2.3333333333333335,77,6.578786932490644,77,Hill,2,40,4
0.0,0.0,0.0,0.0,0.0,0.0,0.0,0,38,2.3333333333333335,78,0.03641961834215941,78,J.Araujo,2,38,4
0.0,0.0,0.0,0.0,0.0,0.0,0.0,0,40,2.3333333333333335,79,0.03624146261434214,79,Mepham,2,40,4
0.0,0.0,0.0,0.0,0.0,0.0,0.0,0,40,2.3333333333333335,80,0.03624146261434214,80,Soler,2,40,4
0.0,0.0,0.0,0.0,0.0,0.0,0.0,0,70,2.3333333333333335,81,0.023236535726415774,81,Kluivert,3,70,4
5.666666666666667,5.0,0.666666666666667,90.0,0.3866666666666667,6.599999999999999,16.333333333333332,1,79,2.6666666666666665,82,10.632295190039768,82,Semenyo,3,80,13
7.0,4.4,2.5999999999999996,67.33333333333333,0.6733333333333333,9.1,22.0,1,58,2.6666666666666665,83,1.738454043529729,83,O.Dango,3,58,5
0.0,2.6,-2.6,0.0,0.0,0.0,0.0,0,53,2.3333333333333335,84,0.8153858583379285,84,Tavernier,3,53,4
0.0,0.0,0.0,0.0,0.0,0.0,0.0,0,49,2.3333333333333335,85,0.12450687958753978,85,Adams,3,49,4
0.3333333333333333,1.0,-0.6666666666666667,1.0,0.0033333333333334073,0.06666666666666786,1.0,0,50,2.3333333333333335,86,0.519803632101581,86,Brooks,3,50,4
1.0,0.8,0.19999999999999996,23.333333333333332,0.15666666666666668,3.9666666666666663,9.0,0,49,2.3333333333333335,87,1.0120512056274267,87,Christie,3,49,4
3.6666666666666665,3.6,0.06666666666666643,90.0,0.08,3.6666666666666665,18.666666666666668,0,49,2.3333333333333335,88,2.940601151055345,88,Cook,3,49,4
0.0,0.0,0.0,0.0,0.0,0.0,0.0,0,49,2.3333333333333335,89,0.12450687958753978,89,Philip,3,49,4
6.666666666666667,5.6,1.0666666666666673,90.0,0.4966666666666666,6.3999999999999995,25.0,0,50,2.3333333333333335,90,4.120409417900889,90,Scott,3,50,4
0.0,0.0,0.0,0.0,0.0,0.0,0.0,0,50,2.3333333333333335,91,0.12450687958753978,91,Sinisterra,3,50,4
0.0,0.0,0.0,0.0,0.0,0.0,0.0,0,45,2.3333333333333335,92,0.04022862505555823,92,Faivre,3,45,4
0.0,0.0,0.0,0.0,0.0,0.0,0.0,0,45,2.3333333333333335,93,0.04022862505555823,93,H.Traorè,3,45,4
0.0,0.0,0.0,0.0,0.0,0.0,0.0,0,45,2.3333333333333335,94,0.04022862505555823,94,Sadi,3,45,4
0.0,0.0,0.0,0.0,0.0,0.0,0.0,0,44,2.3333333333333335,95,0.04022862505555823,95,Silcott-Duberry,3,44,4
0.0,0.0,0.0,0.0,0.0,0.0,0.0,0,45,2.3333333333333335,96,0.04022862505555823,96,Winterburn,3,45,4
4.0,4.0,0.0,87.66666666666667,0.5633333333333334,8.299999999999999,14.0,0,70,2.3333333333333335,97,2.3808585683975663,97,Evanilson,4,70,4
1.0,0.8,0.19999999999999996,2.3333333333333335,0.0,0.19999999999999998,2.3333333333333335,0,54,2.3333333333333335,98,0.9874759591277023,98,Enes Ünal,4,54,4
0.0,0.0,0.0,0.0,0.0,0.0,0.0,0,44,2.3333333333333335,99,0.04022862505555823,99,Adu-Adjei,4,44,4
3.3333333333333335,3.8,-0.46666666666666634,65.66666666666667,0.31333333333333335,3.9000000000000004,15.0,0,47,2.3333333333333335,100,2.656304566488069,100,Kroupi.Jr,4,47,4
4.0,5.2,-1.2000000000000002,90.0,0.0,1.7333333333333334,13.0,1,46,2.6666666666666665,101,3.5244642947340137,101,Kelleher,1,46,5
0.0,0.0,0.0,0.0,0.0,0.0,0.0,1,39,2.6666666666666665,102,0.036727507219131,102,Balcombe,1,39,5
0.0,0.0,0.0,0.0,0.0,0.0,0.0,1,39,2.6666666666666665,103,0.036727507219131,103,Cox,1,39,5
0.0,0.0,0.0,0.0,0.0,0.0,0.0,1,39,2.6666666666666665,104,0.036727507219131,104,Eyestone,1,39,5
0.0,0.0,0.0,0.0,0.0,0.0,0.0,1,39,2.6666666666666665,105,0.036727507219131,105,Valdimarsson,1,39,5
0.6666666666666666,3.2,-2.5333333333333337,40.0,0.026666666666666672,1.4000000000000004,3.3333333333333335,1,50,2.6666666666666665,106,1.0668722166869848,106,Collins,2,50,5
1.0,2.0,-1.0,34.0,0.04,0.8999999999999995,3.0,1,49,2.6666666666666665,107,2.3837446705626664,107,Lewis-Potter,2,48,5
3.6666666666666665,3.6,0.06666666666666643,72.0,0.02,2.6,8.666666666666666,1,44,2.6666666666666665,108,3.3849820859575654,108,Ajer,2,44,5
3.0,3.2,-0.20000000000000018,79.66666666666667,0.06333333333333332,1.4000000000000001,10.0,1,43,2.6666666666666665,109,2.733799236548415,109,Henry,2,43,5
2.3333333333333335,2.8,-0.46666666666666634,86.66666666666667,0.04666666666666667,2.066666666666667,9.666666666666666,1,45,2.6666666666666665,110,2.135114856436203,110,Kayode,2,45,5
0.0,0.0,0.0,0.0,0.0,0.0,0.0,1,42,2.6666666666666665,111,0.040714669660347085,111,Pinnock,2,42,5
0.0,0.0,0.0,0.0,0.0,0.0,0.0,1,45,2.6666666666666665,112,0.040714669660347085,112,Roerslev,2,45,5
3.3333333333333335,2.0,1.3333333333333335,77.66666666666667,0.023333333333333334,2.5999999999999996,13.333333333333334,1,45,2.6666666666666665,113,3.953001669580474,113,Van den Berg,2,45,5
0.0,0.0,0.0,0.0,0.0,0.0,0.0,1,38,2.6666666666666665,114,0.03690566294694827,114,Arthur,2,38,5
0.0,0.0,0.0,0.0,0.0,0.0,0.0,1,40,2.6666666666666665,115,0.036727507219131,115,Fredrick,2,40,5
0.6666666666666666,0.8,-0.13333333333333341,9.666666666666666,0.0,0.5666666666666668,2.0,1,40,2.6666666666666665,116,0.6783551653639838,116,Hickey,2,40,5
0.0,0.0,0.0,0.0,0.0,0.0,0.0,1,39,2.6666666666666665,117,0.036727507219131,117,Ji-soo,2,39,5
0.0,0.0,0.0,0.0,0.0,0.0,0.0,1,40,2.6666666666666665,118,0.036727507219131,118,Meghoma,2,40,5
6.666666666666667,5.8,0.8666666666666671,81.33333333333333,0.37000000000000005,7.566666666666666,20.333333333333332,0,86,3.3333333333333335,119,5.385390880007267,119,Mbeumo,3,86,14
0.0,1.4,-1.4,43.666666666666664,0.18333333333333335,2.1666666666666665,1.0,1,69,2.6666666666666665,120,0.8127548055798317,120,Schade,3,69,5
0.6666666666666666,1.4,-0.7333333333333333,13.0,0.016666666666666666,1.0,4.0,1,56,2.6666666666666665,121,1.3583020076030858,121,Damsgaard,3,56,5
0.0,0.0,0.0,0.0,0.0,0.0,0.0,1,52,2.6666666666666665,122,0.1407145758533402,122,Milambo,3,52,5
0.0,0.0,0.0,0.0,0.0,0.0,0.0,1,47,2.6666666666666665,123,0.09594700884265264,123,Carvalho,3,47,5
1.0,0.8,0.19999999999999996,41.0,0.0033333333333333335,0.533333333333334,5.666666666666667,1,50,2.6666666666666665,124,2.0257893918819905,124,Henderson,3,50,5
5.0,4.6,0.40000000000000036,90.0,0.13,5.2,22.666666666666668,1,49,2.6666666666666665,125,3.4762988960798373,125,Janelt,3,49,5
4.333333333333333,3.6,0.733333333333333,83.66666666666667,0.4633333333333334,4.833333333333333,19.333333333333332,1,49,2.6666666666666665,126,2.9678237456548677,126,Jensen,3,49,5
0.0,0.0,0.0,0.0,0.0,0.0,0.0,1,49,2.6666666666666665,127,0.12499292419232864,127,Nunes,3,49,5
0.0,0.0,0.0,0.0,0.0,0.0,0.0,1,48,2.6666666666666665,128,0.09594700884265264,128,Onyeka,3,48,5
1.6666666666666667,3.0,-1.3333333333333333,48.0,0.06666666666666667,1.3333333333333333,6.666666666666667,1,50,2.6666666666666665,129,2.561498725465946,129,Yarmoliuk,3,50,5
0.3333333333333333,0.4,-0.06666666666666671,3.3333333333333335,0.006666666666666667,0.3666666666666667,2.0,1,44,2.6666666666666665,130,0.6298951687087659,130,Donovan,3,44,5
0.0,0.0,0.0,0.0,0.0,0.0,0.0,1,43,2.6666666666666665,131,0.040714669660347085,131,Konak,3,43,5
0.0,0.0,0.0,0.0,0.0,0.0,0.0,1,45,2.6666666666666665,132,0.040714669660347085,132,Maghoma,3,45,5
0.0,0.0,0.0,0.0,0.0,0.0,0.0,1,44,2.6666666666666665,133,0.040714669660347085,133,Peart-Harris,3,44,5
0.0,0.0,0.0,0.0,0.0,0.0,0.0,1,45,2.6666666666666665,134,0.040714669660347085,134,Trevitt,3,45,5
1.6666666666666667,1.4,0.26666666666666683,47.333333333333336,0.18333333333333335,2.033333333333333,4.333333333333333,0,73,3.6666666666666665,135,1.7430844283400855,135,Wissa,4,73,15
3.0,4.6,-1.5999999999999996,90.0,0.42666666666666675,3.233333333333333,8.0,1,70,2.6666666666666665,136,3.6280754577198087,136,Thiago,4,70,5
0.0,0.0,0.0,0.0,0.0,0.0,0.0,1,44,2.6666666666666665,137,0.040714669660347085,137,Morgan,4,44,5
0.0,0.0,0.0,0.0,0.0,0.0,0.0,0,42,3.3333333333333335,138,0.040714669660347085,138,Steele,1,42,6
2.3333333333333335,2.4,-0.06666666666666643,90.0,0.01,2.3333333333333326,10.666666666666666,0,45,3.3333333333333335,139,2.75850917227802,139,Verbruggen,1,45,6
0.0,0.0,0.0,0.0,0.0,0.0,0.0,0,39,3.3333333333333335,140,0.036727507219131,140,McGill,1,39,6
0.0,0.0,0.0,0.0,0.0,0.0,0.0,0,40,3.3333333333333335,141,0.036727507219131,141,Rushworth,1,40,6
0.0,0.0,0.0,0.0,0.0,0.0,0.0,0,40,3.3333333333333335,142,0.036727507219131,142,Scherpen,1,40,6
3.0,2.0,1.0,59.0,0.02,2.4,11.0,0,42,3.3333333333333335,143,1.959141632788476,143,Boscagli,2,42,6
0.0,0.0,0.0,0.0,0.0,0.0,0.0,0,42,3.3333333333333335,144,0.040714669660347085,144,Coppola,2,42,6
3.0,2.0,1.0,47.0,0.1266666666666667,1.6333333333333335,11.333333333333334,0,43,3.3333333333333335,145,0.6918573397765729,145,De Cuyper,2,43,6
3.6666666666666665,3.2,0.46666666666666634,90.0,0.22333333333333336,5.0,14.0,0,45,3.3333333333333335,146,2.8020700084906043,146,Dunk,2,45,6
0.0,0.0,0.0,0.0,0.0,0.0,0.0,0,45,3.3333333333333335,147,0.040714669660347085,147,Estupiñan,2,45,6
1.6666666666666667,1.8,-0.1333333333333333,90.0,0.15,3.6,8.333333333333334,0,44,3.3333333333333335,148,2.027799957575359,148,F.Kadıoğlu,2,44,6
0.0,0.0,0.0,0.0,0.0,0.0,0.0,0,45,3.3333333333333335,149,0.040714669660347085,149,Igor,2,45,6
0.0,0.0,0.0,0.0,0.0,0.0,0.0,0,44,3.3333333333333335,150,0.040714669660347085,150,Lamptey,2,44,6
1.0,2.4,-1.4,60.0,0.09000000000000001,1.8666666666666665,5.333333333333333,0,45,3.3333333333333335,151,1.899687952644736,151,Van Hecke,2,44,6
0.3333333333333333,0.6,-0.26666666666666666,6.666666666666667,0.0,0.2333333333333333,0.0,0,43,3.3333333333333335,152,0.6492010043927874,152,Veltman,2,43,6
0.0,0.0,0.0,0.0,0.0,0.0,0.0,0,44,3.3333333333333335,153,0.040714669660347085,153,Webster,2,44,6
0.0,0.0,0.0,0.0,0.0,0.0,0.0,0,40,3.3333333333333335,154,0.036727507219131,154,Cashin,2,40,6
0.0,0.0,0.0,0.0,0.0,0.0,0.0,0,40,3.3333333333333335,155,0.036727507219131,155,Slater,2,40,6
0.0,0.0,0.0,0.0,0.0,0.0,0.0,0,38,3.3333333333333335,156,0.03690566294694827,156,Tasker,2,38,6
2.0,3.2,-1.2000000000000002,90.0,0.4833333333333334,4.666666666666667,8.333333333333334,0,61,3.3333333333333335,157,3.3719637370108804,157,Mitoma,3,61,6
1.3333333333333333,1.4,-0.06666666666666665,47.333333333333336,0.05666666666666667,1.1999999999999995,1.0,0,56,3.3333333333333335,158,2.0464973317596296,158,Georginio,3,56,6
0.0,0.0,0.0,0.0,0.0,0.0,0.0,0,58,3.3333333333333335,159,0.18774119325637026,159,March,3,58,6
1.0,0.8,0.19999999999999996,19.333333333333332,0.03,0.9666666666666668,4.0,0,56,3.3333333333333335,160,2.596231581721935,160,Minteh,3,56,6
0.0,0.0,0.0,0.0,0.0,0.0,0.0,0,54,3.3333333333333335,161,0.1368970851471033,161,Enciso,3,54,6
0.0,0.6,-0.6,0.0,0.0,0.0,0.0,0,54,3.3333333333333335,162,0.22153453258551578,162,Gruda,3,54,6
0.3333333333333333,1.6,-1.2666666666666668,2.6666666666666665,0.0,0.09999999999999999,1.0,0,51,3.3333333333333335,163,1.3470693092291934,163,Hinshelwood,3,51,6
0.3333333333333333,0.2,0.1333333333333333,2.6666666666666665,0.0033333333333333335,0.06666666666666667,1.3333333333333333,0,55,3.3333333333333335,164,0.7289423149926075,164,O'Riley,3,55,6
0.0,0.0,0.0,0.0,0.0,0.0,0.0,0,54,3.3333333333333335,165,0.1368970851471033,165,Sima,3,54,6
5.666666666666667,4.4,1.2666666666666666,60.0,0.08666666666666663,3.666666666666666,20.0,0,48,3.3333333333333335,166,1.9390044873367112,166,Ayari,3,48,6
3.3333333333333335,2.2,1.1333333333333333,80.0,0.04,1.5,13.0,0,45,3.3333333333333335,167,1.2788150376206215,167,Baleba,3,45,6
0.3333333333333333,0.2,0.1333333333333333,8.0,0.016666666666666666,0.3666666666666667,0.3333333333333333,0,46,3.3333333333333335,168,0.7655959183347483,168,Buonanotte,3,46,11
0.6666666666666666,1.2,-0.5333333333333333,33.0,0.0033333333333332963,0.8000000000000002,4.666666666666667,0,49,3.3333333333333335,169,2.1903927814563358,169,Gomez,3,49,6
0.6666666666666666,0.6,0.06666666666666665,3.3333333333333335,0.0,0.06666666666666704,2.0,0,49,3.3333333333333335,170,0.7907228790256216,170,Milner,3,49,6
0.0,0.0,0.0,0.0,0.0,0.0,0.0,0,49,3.3333333333333335,171,0.12499292419232864,171,Sarmiento,3,49,6
0.0,0.0,0.0,0.0,0.0,0.0,0.0,0,48,3.3333333333333335,172,0.09594700884265264,172,Watson,3,48,6
0.0,0.0,0.0,0.0,0.0,0.0,0.0,0,49,3.3333333333333335,173,0.12499292419232864,173,Wieffer,3,49,6
0.0,0.0,0.0,0.0,0.0,0.0,0.0,0,50,3.3333333333333335,174,0.12499292419232864,174,Yalcouye,3,50,6
0.0,0.0,0.0,0.0,0.0,0.0,0.0,0,44,3.3333333333333335,175,0.040714669660347085,175,Knight,3,44,6
0.0,0.0,0.0,0.0,0.0,0.0,0.0,0,45,3.3333333333333335,176,0.040714669660347085,176,Mazilu,3,45,6
0.0,0.0,0.0,0.0,0.0,0.0,0.0,0,45,3.3333333333333335,177,0.040714669660347085,177,Moran,3,45,6
1.6666666666666667,1.4,0.26666666666666683,58.333333333333336,0.4033333333333333,3.4,5.0,0,62,3.3333333333333335,178,3.1443234726624283,178,Welbeck,4,61,6
0.0,0.0,0.0,0.0,0.0,0.0,0.0,0,55,3.3333333333333335,179,0.18774119325637026,179,Ferguson,4,55,6
0.0,0.0,0.0,0.0,0.0,0.0,0.0,0,52,3.3333333333333335,180,0.1407145758533402,180,Tzimas,4,52,6
1.0,2.2,-1.2000000000000002,34.333333333333336,0.11333333333333334,1.633333333333333,1.6666666666666667,0,48,3.3333333333333335,181,2.3207623062736324,181,Kostoulas,4,48,6
0.0,0.0,0.0,0.0,0.0,0.0,0.0,1,45,2.6666666666666665,182,0.040714669660347085,182,Trafford,1,45,13
0.0,0.0,0.0,0.0,0.0,0.0,0.0,0,43,3.3333333333333335,183,0.040714669660347085,183,Weiss,1,43,3
0.0,0.0,0.0,0.0,0.0,0.0,0.0,0,40,3.3333333333333335,184,0.036727507219131,184,Green,1,40,3
0.0,0.0,0.0,0.0,0.0,0.0,0.0,0,39,3.3333333333333335,185,0.036727507219131,185,Hladký,1,39,3
0.0,0.0,0.0,0.0,0.0,0.0,0.0,0,44,3.3333333333333335,186,0.040714669660347085,186,Roberts,2,44,3
1.6666666666666667,1.6,0.06666666666666665,90.0,0.10666666666666667,4.1000000000000005,10.666666666666666,0,44,3.3333333333333335,187,1.9725331394341175,187,Walker,2,44,3
0.0,0.0,0.0,0.0,0.0,0.0,0.0,0,38,3.3333333333333335,188,0.03690566294694827,188,Delcroix,2,38,3
0.0,0.0,0.0,0.0,0.0,0.0,0.0,0,40,3.3333333333333335,189,0.036727507219131,189,Dodgson,2,40,3
0.0,0.2,-0.2,0.0,0.0,0.0,0.0,0,39,3.3333333333333335,190,0.11629585420755918,190,Ekdal,2,39,3
2.3333333333333335,2.4,-0.06666666666666643,90.0,0.043333333333333335,3.3666666666666667,7.666666666666667,0,39,3.3333333333333335,191,2.293559506371931,191,Estève,2,39,3
0.0,0.0,0.0,0.0,0.0,0.0,0.0,0,40,3.3333333333333335,192,0.036727507219131,192,Hartman,2,40,3
1.3333333333333333,2.8,-1.4666666666666666,90.0,0.13666666666666666,3.733333333333333,7.333333333333333,0,39,3.3333333333333335,193,1.2101280803695929,193,Humphreys,2,39,3
0.0,0.0,0.0,0.0,0.0,0.0,0.0,0,39,3.3333333333333335,194,0.036727507219131,194,Jordan,2,39,3
1.0,1.6,-0.6000000000000001,90.0,0.08333333333333333,4.266666666666667,7.666666666666667,0,38,3.3333333333333335,195,2.7143536879842802,195,Lucas Pires,2,38,3
0.0,0.0,0.0,0.0,0.0,0.0,0.0,0,40,3.3333333333333335,196,0.036727507219131,196,Sambo,2,40,3
0.0,0.2,-0.2,0.0,0.0,0.0,0.0,0,38,3.3333333333333335,197,0.11647400993537643,197,Sonne,2,38,3
1.6666666666666667,1.8,-0.1333333333333333,45.0,0.20333333333333334,3.4,5.0,0,39,3.3333333333333335,198,0.546445871060641,198,Tuanzebe,2,39,3
0.0,0.0,0.0,0.0,0.0,0.0,0.0,0,38,3.3333333333333335,199,0.03690566294694827,199,Worrall,2,38,3
1.6666666666666667,2.6,-0.9333333333333333,78.0,0.13333333333333333,4.4,11.333333333333334,0,50,3.3333333333333335,200,3.1200229969868234,200,Anthony,3,50,3
0.0,0.0,0.0,0.0,0.0,0.0,0.0,0,54,3.3333333333333335,201,0.1368970851471033,201,Benson,3,54,3
0.6666666666666666,0.4,0.2666666666666666,11.333333333333334,0.0033333333333333335,0.16666666666666666,1.6666666666666667,0,53,3.3333333333333335,202,1.0264604500366208,202,Bruun Larsen,3,53,3
0.0,0.0,0.0,0.0,0.0,0.0,0.0,0,47,3.3333333333333335,203,0.09594700884265264,203,Boateng,3,47,3
0.0,0.0,0.0,0.0,0.0,0.0,0.0,0,49,3.3333333333333335,204,0.12499292419232864,204,Churlinov,3,49,3
0.0,0.0,0.0,0.0,0.0,0.0,0.0,0,49,3.3333333333333335,205,0.12499292419232864,205,Cullen,3,49,3
2.0,4.0,-2.0,72.66666666666667,0.20666666666666664,2.966666666666667,4.666666666666667,0,47,3.3333333333333335,206,3.2142468081537974,206,Edwards,3,47,3
1.0,0.8,0.19999999999999996,31.666666666666668,0.08666666666666667,1.6666666666666667,7.0,0,47,3.3333333333333335,207,2.9360739007910253,207,Hannibal,3,47,3
0.0,0.0,0.0,0.0,0.0,0.0,0.0,0,50,3.3333333333333335,208,0.12499292419232864,208,Koleosho,3,50,3
0.3333333333333333,1.2,-0.8666666666666667,37.0,0.023333333333333334,1.4000000000000001,4.666666666666667,0,48,3.3333333333333335,209,1.286871400167751,209,Laurent,3,48,3
0.6666666666666666,0.6,0.06666666666666665,14.666666666666666,0.02333333333333333,0.16666666666666666,1.3333333333333333,0,49,3.3333333333333335,210,1.0460136658690173,210,Tchaouna,3,49,3
0.0,0.0,0.0,0.0,0.0,0.0,0.0,0,44,3.3333333333333335,211,0.040714669660347085,211,A.Ramsey,3,44,3
0.0,0.0,0.0,0.0,0.0,0.0,0.0,0,45,3.3333333333333335,212,0.040714669660347085,212,Adewumi,3,45,3
0.0,0.0,0.0,0.0,0.0,0.0,0.0,0,45,3.3333333333333335,213,0.040714669660347085,213,Banel,3,45,3
0.0,0.0,0.0,0.0,0.0,0.0,0.0,0,44,3.3333333333333335,214,0.040714669660347085,214,Trésor,3,44,3
1.0,0.6,0.4,31.0,0.22,2.6999999999999997,1.6666666666666667,0,53,3.3333333333333335,215,2.129536288302444,215,Flemming,4,53,3
0.0,0.0,0.0,0.0,0.0,0.0,0.0,0,48,3.3333333333333335,216,0.09594700884265264,216,Amdouni,4,48,3
2.6666666666666665,1.8,0.8666666666666665,35.333333333333336,0.22,2.5666666666666664,10.666666666666666,0,49,3.3333333333333335,217,1.2701604588817692,217,Foster,4,49,3
0.0,-0.2,0.2,0.0,0.0,0.0,0.0,0,42,3.3333333333333335,218,0.0734033818713014,218,Barnes,4,42,3
0.0,0.0,0.0,0.0,0.0,0.0,0.0,0,44,3.3333333333333335,219,0.040714669660347085,219,Obafemi,4,44,3
2.3333333333333335,4.0,-1.6666666666666665,90.0,0.0033333333333333335,3.4,18.666666666666668,1,49,3.3333333333333335,220,2.8635160560017225,220,Sánchez,1,49,7
0.0,0.0,0.0,0.0,0.0,0.0,0.0,1,43,3.3333333333333335,221,0.040714669660347085,221,Jörgensen,1,43,7
0.0,0.0,0.0,0.0,0.0,0.0,0.0,1,40,3.3333333333333335,222,0.036727507219131,222,Penders,1,40,7
0.0,0.0,0.0,0.0,0.0,0.0,0.0,1,39,3.3333333333333335,223,0.036727507219131,223,Slonina,1,39,7
5.0,3.4,1.6,75.0,0.5733333333333334,8.299999999999999,21.333333333333332,1,61,3.3333333333333335,224,1.3930566500467074,224,Cucurella,2,61,7
2.3333333333333335,3.0,-0.6666666666666665,29.666666666666668,0.05000000000000002,1.6666666666666672,10.0,1,57,3.3333333333333335,225,1.1050914797744,225,James,2,56,7
3.6666666666666665,4.4,-0.7333333333333338,90.0,0.010000000000000009,2.9333333333333336,12.666666666666666,1,58,3.3333333333333335,226,3.256453315419602,226,Chalobah,2,58,7
0.0,0.0,0.0,0.0,0.0,0.0,0.0,1,47,3.3333333333333335,227,0.09594700884265264,227,Colwill,2,47,7
1.3333333333333333,1.2,0.1333333333333333,56.666666666666664,0.14000000000000004,3.6333333333333333,7.333333333333333,1,49,3.3333333333333335,228,1.5256037916531198,228,Gusto,2,49,7
1.3333333333333333,0.8,0.5333333333333332,45.0,0.006666666666666667,1.6333333333333335,6.0,1,44,3.3333333333333335,229,1.949742469905309,229,B.Badiashile,2,44,7
2.3333333333333335,1.4,0.9333333333333336,50.666666666666664,0.15,2.766666666666666,12.666666666666666,1,44,3.3333333333333335,230,1.7967699738434746,230,Fofana,2,44,7
0.0,0.0,0.0,0.0,0.0,0.0,0.0,1,45,3.3333333333333335,231,0.040714669660347085,231,M.Sarr,2,45,7
0.0,0.6,-0.6,0.0,0.0,0.0,0.0,1,40,3.3333333333333335,232,0.1909024908306946,232,Tosin,2,40,7
0.3333333333333333,0.6,-0.26666666666666666,5.0,0.0033333333333333335,0.3333333333333333,1.3333333333333333,1,37,3.3333333333333335,233,0.7402672472833871,233,Acheampong,2,37,7
0.0,0.0,0.0,0.0,0.0,0.0,0.0,1,40,3.3333333333333335,234,0.036727507219131,234,Anselmino,2,40,7
2.3333333333333335,3.0,-0.6666666666666665,75.66666666666667,0.37666666666666654,3.466666666666667,10.666666666666666,1,70,3.3333333333333335,236,2.302922539859924,236,Neto,3,70,7
6.0,5.0,1.0,90.0,0.79,8.866666666666669,24.666666666666668,1,69,3.3333333333333335,237,3.0827494552597265,237,Enzo,3,69,7
4.333333333333333,2.6,1.733333333333333,24.333333333333332,0.1533333333333333,3.533333333333333,10.666666666666666,1,64,3.3333333333333335,238,1.6805502162444557,238,Estêvão,3,64,7
0.6666666666666666,0.4,0.2666666666666666,13.666666666666666,0.0,0.03333333333333304,2.0,1,60,3.3333333333333335,239,1.0591912278596263,239,Gittens,3,60,7
0.0,0.0,0.0,0.0,0.0,0.0,0.0,1,59,3.3333333333333335,240,0.14676423627143026,240,Nkunku,3,59,7
3.3333333333333335,3.8,-0.46666666666666634,84.0,0.1166666666666667,3.3666666666666667,19.666666666666668,1,57,3.3333333333333335,241,1.882553136155876,241,Caicedo,3,57,7
5.333333333333333,3.2,2.133333333333333,71.0,0.3466666666666667,4.833333333333333,18.666666666666668,1,49,2.6666666666666665,242,2.1742065047231955,242,Dewsbury-Hall,3,49,9
0.3333333333333333,0.2,0.1333333333333333,7.0,0.03333333333333333,0.2333333333333333,0.6666666666666666,1,48,2.6666666666666665,243,0.8527445278846683,243,George,3,48,9
0.0,0.0,0.0,0.0,0.0,0.0,0.0,1,49,3.3333333333333335,244,0.12499292419232864,244,Lavia,3,49,7
0.0,0.0,0.0,0.0,0.0,0.0,0.0,1,49,3.3333333333333335,245,0.12499292419232864,245,Mudryk,3,49,7
1.6666666666666667,1.4,0.26666666666666683,57.666666666666664,0.05333333333333337,1.8,13.0,1,45,3.3333333333333335,246,2.849055017472798,246,Andrey Santos,3,45,7
0.0,0.0,0.0,0.0,0.0,0.0,0.0,1,43,3.3333333333333335,247,0.040714669660347085,247,D.Essugo,3,43,7
0.0,0.0,0.0,0.0,0.0,0.0,0.0,1,45,3.3333333333333335,248,0.040714669660347085,248,Paez,3,45,7
10.0,7.8,2.2,67.66666666666667,0.4466666666666667,7.466666666666665,37.666666666666664,1,76,3.3333333333333335,249,8.360046496527447,249,João Pedro,4,77,7
2.3333333333333335,3.6,-1.2666666666666666,36.666666666666664,0.3233333333333333,2.1999999999999997,5.666666666666667,1,62,3.3333333333333335,250,3.326317211022767,250,Delap,4,62,7
0.0,0.0,0.0,0.0,0.0,0.0,0.0,1,65,3.3333333333333335,251,0.14832522095292425,251,N.Jackson,4,65,7
0.0,0.0,0.0,0.0,0.0,0.0,0.0,1,42,3.3333333333333335,252,0.040714669660347085,252,Marc Guiu,4,42,7
3.6666666666666665,4.0,-0.3333333333333335,90.0,0.0033333333333333335,1.2,12.0,1,50,3.0,253,2.1628283636837216,253,Henderson,1,50,8
0.0,0.0,0.0,0.0,0.0,0.0,0.0,1,40,3.0,254,0.036727507219131,254,Benitez,1,40,8
0.0,0.0,0.0,0.0,0.0,0.0,0.0,1,39,3.0,255,0.036727507219131,255,Matthews,1,39,8
2.6666666666666665,1.6,1.0666666666666664,85.0,0.14666666666666667,4.766666666666667,13.333333333333334,1,58,3.0,256,1.6981241313739968,256,Muñoz,2,59,8
4.666666666666667,4.6,0.06666666666666732,90.0,0.19000000000000003,5.1,16.0,1,51,3.0,257,3.1898898283066415,257,Lacroix,2,51,8
3.0,2.8,0.20000000000000018,81.33333333333333,0.03,2.8333333333333335,11.0,1,50,3.0,258,3.7656291981984507,258,Mitchell,2,50,8
0.3333333333333333,0.4,-0.06666666666666671,8.333333333333334,0.0,0.26666666666666666,1.3333333333333333,1,48,3.0,259,0.704433343575093,259,Sosa,2,48,8
4.0,3.6,0.3999999999999999,90.0,0.3233333333333333,6.0,16.0,1,52,2.6666666666666665,260,4.817942750284509,260,Guéhi,2,52,13
5.333333333333333,3.6,1.733333333333333,90.0,0.15666666666666665,5.0,17.0,1,44,3.0,261,4.1648226140803475,261,Richards,2,44,8
1.6666666666666667,1.0,0.6666666666666667,24.666666666666668,0.03666666666666667,1.7666666666666666,7.333333333333333,1,40,3.0,262,1.088399939325675,262,Chadi Riad,2,40,8
0.0,0.0,0.0,0.0,0.0,0.0,0.0,1,38,3.0,263,0.03690566294694827,263,Clyne,2,38,8
0.0,0.0,0.0,0.0,0.0,0.0,0.0,1,40,3.0,264,0.036727507219131,264,Holding,2,40,8
0.0,0.0,0.0,0.0,0.0,0.0,0.0,1,40,3.0,265,0.036727507219131,265,Kporha,2,40,8
1.0,0.8,0.19999999999999996,25.666666666666668,0.030000000000000002,0.6333333333333333,4.0,0,72,3.0,266,1.8383773961347067,266,Eze,3,72,1
5.666666666666667,3.4,2.266666666666667,89.0,0.7133333333333334,5.933333333333334,18.0,1,63,3.0,267,1.833213327119208,267,Sarr,3,64,8
0.0,0.0,0.0,0.0,0.0,0.0,0.0,1,49,3.0,268,0.12499292419232864,268,Doucouré,3,49,8
0.0,0.0,0.0,0.0,0.0,0.0,0.0,1,47,3.0,269,0.09594700884265264,269,Esse,3,47,8
1.6666666666666667,2.6,-0.9333333333333333,60.0,0.32,3.5666666666666664,9.333333333333334,1,47,3.0,270,2.165704453290113,270,Hughes,3,47,8
0.3333333333333333,0.2,0.1333333333333333,4.333333333333333,0.0,0.1000000000000003,1.6666666666666667,1,50,3.0,271,0.6662205548961849,271,Kamada,3,50,8
5.0,3.4,1.6,90.0,0.17666666666666664,5.733333333333334,15.666666666666666,1,49,3.0,272,3.062048116620347,272,Lerma,3,49,8
0.6666666666666666,1.2,-0.5333333333333333,54.0,0.05666666666666667,0.8666666666666667,3.3333333333333335,1,50,3.0,273,3.2333223682414283,273,Wharton,3,50,8
0.0,0.0,0.0,0.0,0.0,0.0,0.0,1,43,3.0,274,0.040714669660347085,274,Agbinone,3,43,8
0.0,0.0,0.0,0.0,0.0,0.0,0.0,1,43,3.0,275,0.040714669660347085,275,Ahamada,3,43,8
0.0,1.0,-1.0,0.0,0.0,0.0,0.0,1,43,3.0,276,0.15374598734818018,276,Devenny,3,43,8
0.0,0.0,0.0,0.0,0.0,0.0,0.0,1,45,3.0,277,0.040714669660347085,277,Ebiowei,3,45,8
0.0,0.0,0.0,0.0,0.0,0.0,0.0,1,44,3.0,278,0.040714669660347085,278,J.Rak-Sakyi,3,44,8
0.0,0.0,0.0,0.0,0.0,0.0,0.0,1,45,3.0,279,0.040714669660347085,279,M.França,3,45,8
0.0,0.0,0.0,0.0,0.0,0.0,0.0,1,45,3.0,280,0.040714669660347085,280,Ozoh,3,45,8
0.0,0.0,0.0,0.0,0.0,0.0,0.0,1,44,3.0,281,0.040714669660347085,281,Rodney,3,44,8
0.0,0.0,0.0,0.0,0.0,0.0,0.0,1,45,3.0,282,0.040714669660347085,282,Umeh,3,45,8
0.6666666666666666,1.2,-0.5333333333333333,28.0,0.15333333333333335,0.8000000000000017,0.0,1,75,3.0,283,1.5642688004200769,283,Mateta,4,75,8
0.0,0.0,0.0,0.0,0.0,0.0,0.0,1,54,3.0,284,0.1368970851471033,284,Nketiah,4,54,8
0.0,0.0,0.0,0.0,0.0,0.0,0.0,1,50,3.0,285,0.12499292419232864,285,Édouard,4,50,8
0.0,0.0,0.0,0.0,0.0,0.0,0.0,1,44,3.0,286,0.040714669660347085,286,Marsh,4,44,8
2.3333333333333335,4.0,-1.6666666666666665,90.0,0.0,2.2999999999999994,11.666666666666666,1,56,2.6666666666666665,287,2.624318159427326,287,Pickford,1,56,9
0.0,0.0,0.0,0.0,0.0,0.0,0.0,1,43,2.6666666666666665,288,0.040714669660347085,288,Travers,1,43,9
0.0,0.0,0.0,0.0,0.0,0.0,0.0,1,39,2.6666666666666665,289,0.036727507219131,289,Tyrer,1,39,9
1.0,0.6,0.4,46.0,0.016666666666666666,1.633333333333333,5.333333333333333,1,53,2.6666666666666665,290,3.149890554407313,290,Branthwaite,2,53,9
2.6666666666666665,4.0,-1.3333333333333335,90.0,0.18333333333333335,2.8666666666666667,10.333333333333334,1,58,2.6666666666666665,291,4.196872409924654,291,Tarkowski,2,57,9
1.3333333333333333,2.4,-1.0666666666666667,58.0,0.08,2.633333333333333,6.0,1,49,2.6666666666666665,292,2.3709531636843852,292,Mykolenko,2,49,9
4.0,4.6,-0.5999999999999996,90.0,0.12,4.833333333333333,15.333333333333334,1,49,2.6666666666666665,293,1.3923221806879054,293,O'Brien,2,49,9
0.0,0.0,0.0,0.0,0.0,0.0,0.0,1,42,2.6666666666666665,294,0.040714669660347085,294,Coleman,2,42,9
2.0,2.2,-0.20000000000000018,60.0,0.06,2.4,10.0,1,47,2.6666666666666665,295,2.571542762518355,295,Keane,2,47,9
1.0,2.4,-1.4,23.666666666666668,0.013333333333333334,0.7333333333333334,4.0,1,44,2.6666666666666665,296,0.7166772453725049,296,Patterson,2,44,9
0.0,0.0,0.0,0.0,0.0,0.0,0.0,1,38,2.6666666666666665,297,0.03690566294694827,297,Dixon,2,38,9
0.0,0.0,0.0,0.0,0.0,0.0,0.0,1,38,2.6666666666666665,298,0.03690566294694827,298,Welch,2,38,9
2.0,1.2,0.8,90.0,0.22666666666666666,3.266666666666666,12.0,1,62,2.6666666666666665,299,5.701307496464545,299,Ndiaye,3,62,9
0.3333333333333333,1.6,-1.2666666666666668,15.0,0.0,0.23333333333333303,2.3333333333333335,1,55,2.6666666666666665,300,0.9656695455984141,300,McNeil,3,55,9
0.3333333333333333,0.2,0.1333333333333333,3.6666666666666665,0.0033333333333333335,0.13333333333333333,2.3333333333333335,1,52,2.6666666666666665,301,0.6664280004713674,301,Alcaraz,3,52,9
3.0,1.8,1.2,86.33333333333333,0.12000000000000001,4.2,15.666666666666666,1,54,2.6666666666666665,302,4.109324968559698,302,Gana,3,54,9
3.3333333333333335,4.0,-0.6666666666666665,90.0,0.29,5.533333333333334,17.0,1,52,2.6666666666666665,303,1.60601528653791,303,Garner,3,52,9
0.3333333333333333,1.6,-1.2666666666666668,3.6666666666666665,0.0,0.0,0.6666666666666666,1,48,2.6666666666666665,304,0.5811125426094422,304,Iroegbunam,3,48,9
1.6666666666666667,2.4,-0.7333333333333332,64.0,0.13333333333333333,1.4000000000000001,9.0,1,45,2.6666666666666665,305,1.5954290101563153,305,Armstrong,3,45,9
0.0,0.0,0.0,0.0,0.0,0.0,0.0,1,43,2.6666666666666665,306,0.040714669660347085,306,Bates,3,43,9
0.0,0.0,0.0,0.0,0.0,0.0,0.0,1,44,2.6666666666666665,307,0.040714669660347085,307,Ebere,3,44,9
0.0,0.0,0.0,0.0,0.0,0.0,0.0,1,45,2.6666666666666665,308,0.040714669660347085,308,Heath,3,45,9
0.0,0.0,0.0,0.0,0.0,0.0,0.0,1,45,2.6666666666666665,309,0.040714669660347085,309,Metcalfe,3,45,9
4.333333333333333,4.6,-0.2666666666666666,81.33333333333333,0.32333333333333336,5.233333333333333,13.666666666666666,1,57,2.6666666666666665,310,2.8420674452578716,310,Barry,4,57,9
3.0,2.2,0.7999999999999998,7.666666666666667,0.19666666666666666,2.433333333333333,9.666666666666666,1,50,2.6666666666666665,311,0.49579078425052814,311,Beto,4,50,9
0.0,0.0,0.0,0.0,0.0,0.0,0.0,1,49,2.6666666666666665,312,0.12499292419232864,312,Y.Chermiti,4,49,9
0.0,0.0,0.0,0.0,0.0,0.0,0.0,1,44,2.6666666666666665,313,0.040714669660347085,313,Sherif,4,44,9
1.3333333333333333,2.0,-0.6666666666666667,90.0,0.0,2.3333333333333335,12.0,0,49,3.0,314,3.217866680293732,314,Leno,1,49,10
0.0,0.0,0.0,0.0,0.0,0.0,0.0,0,40,3.0,315,0.036727507219131,315,Benda,1,40,10
0.6666666666666666,1.2,-0.5333333333333333,42.666666666666664,0.01,1.3333333333333333,4.0,0,49,3.0,316,1.2831257810589063,316,Robinson,2,49,10
3.0,2.6,0.3999999999999999,90.0,0.22,5.2,9.666666666666666,0,46,3.0,317,3.853629334992489,317,Andersen,2,45,10
0.3333333333333333,0.2,0.1333333333333333,1.3333333333333333,0.0,0.3333333333333333,1.0,0,44,3.0,318,0.5168280555624711,318,Bassey,2,44,10
2.3333333333333335,1.8,0.5333333333333334,87.33333333333333,0.036666666666666674,2.433333333333333,10.0,0,43,3.0,319,2.091610741258508,319,Castagne,2,43,10
0.0,0.6,-0.6,0.0,0.0,0.0,0.0,0,43,3.0,320,0.1948896532719107,320,Diop,2,43,10
2.3333333333333335,2.0,0.3333333333333335,88.33333333333333,0.16666666666666666,3.266666666666667,8.666666666666666,0,43,3.0,321,2.4192983795070635,321,J.Cuenca,2,43,10
0.3333333333333333,0.2,0.1333333333333333,2.3333333333333335,0.03666666666666667,0.8666666666666667,0.6666666666666666,0,45,3.0,322,0.8923558233753791,322,Tete,2,45,10
0.0,0.0,0.0,0.0,0.0,0.0,0.0,0,38,3.0,323,0.03690566294694827,323,Amissah,2,38,10
2.6666666666666665,1.6,1.0666666666666664,89.0,0.3633333333333333,4.966666666666667,15.333333333333334,0,63,3.0,324,4.6318940542773746,324,Iwobi,3,63,10
2.0,2.8,-0.7999999999999998,73.33333333333333,0.23666666666666666,2.3666666666666676,11.333333333333334,0,56,3.0,325,2.3189078752286125,325,Smith Rowe,3,56,10
0.3333333333333333,0.4,-0.06666666666666671,3.3333333333333335,0.0,0.03333333333333333,0.6666666666666666,1,51,3.3333333333333335,326,0.5780595032865551,326,Adama,3,51,19
0.0,0.0,0.0,0.0,0.0,0.0,0.0,0,53,3.0,327,0.1368970851471033,327,Andreas,3,53,10
2.3333333333333335,2.2,0.1333333333333333,46.666666666666664,0.12333333333333334,3.533333333333333,10.0,0,54,3.0,328,2.1099874664704887,328,Sessegnon,3,54,10
4.666666666666667,5.0,-0.33333333333333304,90.0,0.3500000000000001,5.733333333333332,20.0,0,60,3.0,329,2.778050016884306,329,Wilson,3,60,10
1.6666666666666667,3.4,-1.7333333333333332,90.0,0.22666666666666666,3.0,16.666666666666668,0,49,3.0,330,2.2462222144796984,330,Berge,3,49,10
0.6666666666666666,1.0,-0.33333333333333337,10.666666666666666,0.056666666666666664,0.26666666666666666,2.0,0,48,3.0,331,1.0920269153154039,331,Cairney,3,48,10
0.0,0.6,-0.6,0.0,0.0,0.0,0.0,0,49,3.0,332,0.26677072289025167,332,Lukić,3,49,10
0.0,0.0,0.0,0.0,0.0,0.0,0.0,0,45,3.0,333,0.040714669660347085,333,Godo,3,45,10
0.0,0.0,0.0,0.0,0.0,0.0,0.0,0,45,3.0,334,0.040714669660347085,334,Harris,3,45,10
1.3333333333333333,1.0,0.33333333333333326,0.6666666666666666,0.0,0.0,3.6666666666666665,0,44,3.0,335,0.4007244949149716,335,King,3,44,10
0.0,0.2,-0.2,0.0,0.0,0.0,0.0,0,43,3.0,336,0.12028301664877522,336,Reed,3,43,10
4.333333333333333,4.0,0.33333333333333304,84.66666666666667,0.7166666666666667,7.8,14.333333333333334,0,62,3.0,337,1.9207057877022276,337,Raúl,4,61,10
0.3333333333333333,0.2,0.1333333333333333,5.0,0.043333333333333335,0.16666666666666666,0.0,0,53,3.0,338,0.959229885928687,338,Muniz,4,53,10
0.0,0.0,0.0,0.0,0.0,0.0,0.0,0,42,3.3333333333333335,339,0.040714669660347085,339,Meslier,1,41,11
0.0,0.0,0.0,0.0,0.0,0.0,0.0,0,39,3.3333333333333335,340,0.036727507219131,340,Cairns,1,39,11
2.0,2.4,-0.3999999999999999,90.0,0.0033333333333333335,3.1,11.0,0,39,3.3333333333333335,341,1.6304863557243738,341,Darlow,1,39,11
3.3333333333333335,3.2,0.1333333333333333,90.0,0.25666666666666665,4.966666666666666,9.0,0,44,3.3333333333333335,342,3.382447180131883,342,Bogle,2,44,11
3.3333333333333335,3.6,-0.2666666666666666,90.0,0.09999999999999999,4.566666666666666,14.333333333333334,0,43,3.3333333333333335,343,2.702632301456268,343,Struijk,2,43,11
0.0,0.6,-0.6,0.0,0.0,0.0,0.0,0,39,3.3333333333333335,344,0.1909024908306946,344,Bijol,2,39,11
1.6666666666666667,1.4,0.26666666666666683,28.333333333333332,0.0,1.1333333333333333,5.666666666666667,0,38,3.3333333333333335,345,1.345541481556842,345,Bornauw,2,38,11
0.0,0.0,0.0,0.0,0.0,0.0,0.0,0,38,3.3333333333333335,346,0.03690566294694827,346,Byram,2,38,11
0.3333333333333333,1.4,-1.0666666666666667,60.0,0.033333333333333375,2.1333333333333333,3.3333333333333335,0,38,3.3333333333333335,347,1.5423172720096978,347,Gudmundsson,2,38,11
3.3333333333333335,3.4,-0.06666666666666643,90.0,0.04,2.6,7.0,0,39,3.3333333333333335,348,2.682601864697141,348,Rodon,2,39,11
0.0,0.0,0.0,0.0,0.0,0.0,0.0,0,40,3.3333333333333335,349,0.036727507219131,349,Schmidt,2,40,11
3.0,5.2,-2.2,77.0,0.13,2.866666666666667,8.0,0,54,3.3333333333333335,350,2.325501209350499,350,Aaronson,3,54,11
0.3333333333333333,0.6,-0.26666666666666666,3.0,0.0033333333333333335,0.09999999999999999,1.0,0,52,3.3333333333333335,351,0.6272137156515908,351,Gnonto,3,52,11
0.0,0.0,0.0,0.0,0.0,0.0,0.0,0,51,3.3333333333333335,352,0.15763932941548836,352,Harrison,3,51,11
0.3333333333333333,0.2,0.1333333333333333,4.0,0.0033333333333333335,0.2333333333333333,1.0,0,52,3.3333333333333335,353,0.6505199938195554,353,James,3,52,11
2.6666666666666665,3.6,-0.9333333333333336,90.0,0.0333333333333333,1.8333333333333333,15.0,0,49,3.3333333333333335,354,2.4558691042702865,354,Ampadu,3,49,11
0.0,0.0,0.0,0.0,0.0,0.0,0.0,0,49,3.3333333333333335,355,0.12499292419232864,355,Greenwood,3,49,11
4.666666666666667,4.8,-0.13333333333333286,66.66666666666667,0.26,5.066666666666666,18.0,0,47,3.3333333333333335,356,2.415538637896967,356,Gruev,3,47,11
0.0,0.0,0.0,0.0,0.0,0.0,0.0,0,49,3.3333333333333335,357,0.12499292419232864,357,Ramazani,3,49,11
0.3333333333333333,0.6,-0.26666666666666666,8.0,0.0,0.3333333333333333,1.6666666666666667,0,48,3.3333333333333335,358,0.704433343575093,358,Tanaka,3,48,11
0.0,0.0,0.0,0.0,0.0,0.0,0.0,0,45,3.3333333333333335,359,0.040714669660347085,359,Crew,3,45,11
0.0,0.0,0.0,0.0,0.0,0.0,0.0,0,45,3.3333333333333335,360,0.040714669660347085,360,Gelhardt,3,45,11
0.0,0.0,0.0,0.0,0.0,0.0,0.0,0,45,3.3333333333333335,361,0.040714669660347085,361,Gyabi,3,45,11
0.3333333333333333,0.2,0.1333333333333333,1.6666666666666667,0.0,0.09999999999999999,1.6666666666666667,0,49,3.3333333333333335,362,0.6011063100944528,362,Piroe,4,49,11
0.0,0.0,0.0,0.0,0.0,0.0,0.0,0,49,3.3333333333333335,363,0.12499292419232864,363,Bamford,4,49,11
0.0,0.0,0.0,0.0,0.0,0.0,0.0,0,50,3.3333333333333335,364,0.12499292419232864,364,Mateo Joseph,4,50,11
0.0,1.6,-1.6,0.0,0.0,0.0,0.0,0,50,3.3333333333333335,365,1.536743233540147,365,Nmecha,4,50,11
1.3333333333333333,3.2,-1.866666666666667,90.0,0.0033333333333333335,2.1,9.666666666666666,0,54,2.3333333333333335,366,4.680954292331346,366,A.Becker,1,54,12
0.0,0.0,0.0,0.0,0.0,0.0,0.0,0,41,2.3333333333333335,367,0.04022862505555823,367,Mamardashvili,1,41,12
0.0,0.0,0.0,0.0,0.0,0.0,0.0,0,38,2.3333333333333335,368,0.03641961834215941,368,Pécsi,1,38,12
0.0,0.0,0.0,0.0,0.0,0.0,0.0,0,39,2.3333333333333335,369,0.03624146261434214,369,Woodman,1,39,12
0.0,1.6,-1.6,19.333333333333332,0.03333333333333333,0.9666666666666667,2.6666666666666665,0,57,2.3333333333333335,370,1.040072204416469,370,Frimpong,2,57,12
2.0,3.2,-1.2000000000000002,75.0,0.013333333333333334,3.233333333333333,7.333333333333333,0,56,2.3333333333333335,371,4.11540311254945,371,Kerkez,2,56,12
0.3333333333333333,0.4,-0.06666666666666671,15.0,0.02,0.9,0.0,0,57,2.3333333333333335,372,1.684620296091519,372,Robertson,2,57,12
4.333333333333333,4.2,0.13333333333333286,90.0,0.08000000000000002,6.333333333333333,10.333333333333334,0,59,2.3333333333333335,373,2.3374953329031145,373,Virgil,2,59,12
4.0,4.2,-0.20000000000000018,60.0,0.08,3.266666666666667,12.666666666666666,0,54,2.3333333333333335,374,3.052633150746785,374,Konaté,2,54,12
0.0,1.2,-1.2,0.0,0.0,0.0,0.0,0,49,2.3333333333333335,375,0.30354589133756166,375,Bradley,2,49,12
0.0,0.2,-0.2,11.0,0.0033333333333333335,0.2333333333333333,-1.0,0,49,2.3333333333333335,376,0.5730464030467666,376,Gomez,2,49,12
0.0,0.0,0.0,0.0,0.0,0.0,0.0,0,48,2.3333333333333335,377,0.09546096423786378,377,Tsimikas,2,48,12
0.0,0.0,0.0,0.0,0.0,0.0,0.0,0,37,2.3333333333333335,378,0.03641961834215941,378,Nallo,2,37,12
0.0,0.0,0.0,0.0,0.0,0.0,0.0,0,37,2.3333333333333335,379,0.03641961834215941,379,R.Williams,2,37,12
0.0,0.0,0.0,0.0,0.0,0.0,0.0,0,38,2.3333333333333335,380,0.03641961834215941,380,Ramsay,2,38,12
4.0,2.4,1.6,87.66666666666667,0.73,9.5,10.666666666666666,0,140,2.3333333333333335,381,3.1462428948197525,381,M.Salah,3,140,12
5.333333333333333,5.8,-0.4666666666666668,88.66666666666667,0.35666666666666663,7.166666666666667,20.0,0,84,2.3333333333333335,382,4.186251628774241,382,Wirtz,3,84,12
0.0,0.0,0.0,0.0,0.0,0.0,0.0,0,80,2.3333333333333335,383,0.25016137143833306,383,Luis Díaz,3,80,12
2.6666666666666665,2.6,0.06666666666666643,82.33333333333333,0.21,4.866666666666666,11.0,0,73,2.3333333333333335,384,2.5513774430835134,384,Gakpo,3,73,12
0.6666666666666666,0.6,0.06666666666666665,2.3333333333333335,0.006666666666666667,0.8333333333333334,2.6666666666666665,0,63,2.3333333333333335,385,1.2607398350552785,385,Chiesa,3,63,12
1.3333333333333333,1.4,-0.06666666666666665,79.33333333333333,0.06,2.8000000000000003,9.666666666666666,0,62,2.3333333333333335,386,2.604091440054728,386,Mac Allister,3,62,12
8.666666666666666,5.8,2.8666666666666663,90.0,0.2666666666666668,9.933333333333334,35.666666666666664,0,67,2.3333333333333335,387,1.4480870118530398,387,Szoboszlai,3,67,12
1.0,1.6,-0.6000000000000001,14.0,0.08666666666666663,0.7666666666666666,4.0,0,54,2.3333333333333335,388,1.0495908683968294,388,C.Jones,3,54,12
0.3333333333333333,0.2,0.1333333333333333,4.333333333333333,0.04,1.0,1.3333333333333333,1,51,2.3333333333333335,389,1.192826879048464,389,Elliott,3,51,2
3.3333333333333335,3.0,0.3333333333333335,90.0,0.12333333333333335,3.7999999999999994,18.666666666666668,0,55,2.3333333333333335,390,4.791822172434403,390,Gravenberch,3,55,12
0.0,0.0,0.0,0.0,0.0,0.0,0.0,0,48,2.3333333333333335,391,0.09546096423786378,391,Gannon-Doak,3,48,4
0.6666666666666666,0.4,0.2666666666666666,19.666666666666668,0.013333333333333334,0.5333333333333333,4.0,0,49,2.3333333333333335,392,1.3872454851659255,392,Endo,3,49,12
0.0,0.0,0.0,0.0,0.0,0.0,0.0,0,43,2.3333333333333335,393,0.04022862505555823,393,Bajcetic,3,43,12
0.0,0.0,0.0,0.0,0.0,0.0,0.0,0,44,2.3333333333333335,394,0.04022862505555823,394,McConnell,3,44,12
0.0,0.0,0.0,0.0,0.0,0.0,0.0,0,45,2.3333333333333335,395,0.04022862505555823,395,Morton,3,45,12
0.0,0.0,0.0,0.0,0.0,0.0,0.0,0,43,2.3333333333333335,396,0.04022862505555823,396,Nyoni,3,43,12
0.0,0.0,0.0,0.0,0.0,0.0,0.0,0,65,2.3333333333333335,397,0.09325656657750973,397,Darwin,4,65,12
0.0,0.0,0.0,0.0,0.0,0.0,0.0,0,43,2.3333333333333335,398,0.04022862505555823,398,Danns,4,43,12
0.0,0.0,0.0,0.0,0.0,0.0,0.0,1,53,2.6666666666666665,399,0.1368970851471033,399,Ederson M.,1,53,13
0.3333333333333333,0.2,0.1333333333333333,30.0,0.0033333333333333335,0.6333333333333333,0.3333333333333333,1,47,3.6666666666666665,400,1.93381526122917,400,Ortega Moreno,1,47,16
0.0,0.0,0.0,0.0,0.0,0.0,0.0,1,38,2.6666666666666665,401,0.03690566294694827,401,Bettinelli,1,38,13
1.3333333333333333,1.0,0.33333333333333326,53.0,0.1466666666666667,2.033333333333333,7.666666666666667,1,57,2.6666666666666665,402,2.7485246437247683,402,Aït-Nouri,2,57,13
0.0,0.0,0.0,0.0,0.0,0.0,0.0,1,59,2.6666666666666665,403,0.1468309600590036,403,Gvardiol,2,59,13
0.0,0.0,0.0,0.0,0.0,0.0,0.0,1,54,2.6666666666666665,404,0.1368970851471033,404,Akanji,2,54,13
0.3333333333333333,0.8,-0.46666666666666673,0.3333333333333333,0.0,0.5,1.6666666666666667,1,53,2.6666666666666665,405,0.4777181553187809,405,Aké,2,53,13
4.0,3.4,0.6000000000000001,80.0,0.10999999999999999,1.9000000000000001,18.333333333333332,1,54,2.6666666666666665,406,2.4724878160840222,406,Khusanov,2,54,13
5.666666666666667,3.8,1.8666666666666671,90.0,0.07666666666666666,3.866666666666667,23.333333333333332,1,54,2.6666666666666665,407,4.977632527913914,407,Matheus N.,2,54,13
0.3333333333333333,0.2,0.1333333333333333,9.666666666666666,0.013333333333333334,0.2333333333333333,-0.6666666666666666,1,55,2.6666666666666665,408,2.6237236544081415,408,Rúben,2,55,13
0.0,0.0,0.0,0.0,0.0,0.0,0.0,1,54,2.6666666666666665,409,0.1368970851471033,409,Stones,2,54,13
0.0,0.2,-0.2,0.0,0.0,0.0,0.0,1,46,2.6666666666666665,410,0.12752510718636406,410,Lewis,2,46,13
3.0,1.8,1.2,90.0,0.06999999999999994,2.9666666666666672,13.666666666666666,1,49,2.6666666666666665,411,5.882230504829092,411,O'Reilly,2,49,13
0.0,0.0,0.0,0.0,0.0,0.0,0.0,1,50,2.6666666666666665,412,0.12499292419232864,412,Vitor Reis,2,50,13
4.333333333333333,2.6,1.733333333333333,44.666666666666664,0.15,4.433333333333334,12.333333333333334,1,83,2.6666666666666665,413,1.2226715906613508,413,Marmoush,3,83,13
0.6666666666666666,1.0,-0.33333333333333337,10.333333333333334,0.020000000000000077,1.3666666666666665,2.0,1,82,2.6666666666666665,414,1.9719704844049983,414,Foden,3,82,13
0.0,0.0,0.0,0.0,0.0,0.0,0.0,1,69,2.6666666666666665,415,0.09332217078642807,415,Savinho,3,69,13
6.0,4.4,1.5999999999999996,89.0,0.49,8.399999999999999,28.666666666666668,1,62,2.6666666666666665,416,2.511199457554375,416,Bernardo,3,62,13
4.0,2.8,1.2000000000000002,56.333333333333336,0.21333333333333335,4.6,14.333333333333334,1,65,2.6666666666666665,417,1.6771996680066141,417,Cherki,3,65,13
0.3333333333333333,2.2,-1.866666666666667,5.333333333333333,0.0,0.06666666666666667,1.0,1,64,2.6666666666666665,418,0.8023967243882659,418,Doku,3,64,13
0.0,0.4,-0.4,0.0,0.0,0.0,0.0,1,63,2.6666666666666665,419,0.3094885062900043,419,Grealish,3,63,9
0.0,0.0,0.0,0.0,0.0,0.0,0.0,1,63,2.6666666666666665,420,0.14919547735361693,420,Gündoğan,3,63,13
3.3333333333333335,2.8,0.5333333333333337,90.0,0.16,5.5,19.333333333333332,1,63,2.6666666666666665,421,4.338146264329207,421,Rodrigo,3,63,13
0.0,0.0,0.0,0.0,0.0,0.0,0.0,1,58,2.6666666666666665,422,0.1869376606432509,422,Kovačić,3,58,13
0.0,0.8,-0.8,6.666666666666667,0.03,0.3,0.6666666666666666,1,59,2.6666666666666665,423,0.8736308798051868,423,N.Gonzalez,3,59,13
0.3333333333333333,0.2,0.1333333333333333,2.3333333333333335,0.0,0.03333333333333333,1.0,0,51,3.0,424,0.5447412786807254,424,Bobb,3,51,10
0.0,0.0,0.0,0.0,0.0,0.0,0.0,1,54,2.6666666666666665,425,0.1368970851471033,425,Echeverri,3,54,13
0.0,0.0,0.0,0.0,0.0,0.0,0.0,1,50,3.6666666666666665,426,0.12499292419232864,426,McAtee,3,50,16
1.3333333333333333,1.4,-0.06666666666666665,27.0,0.17333333333333334,1.0999999999999994,0.6666666666666666,1,51,2.6666666666666665,427,1.201352059300676,427,Reijnders,3,51,13
0.0,0.0,0.0,0.0,0.0,0.0,0.0,1,50,2.6666666666666665,428,0.12499292419232864,428,Nypan,3,50,13
0.0,0.0,0.0,0.0,0.0,0.0,0.0,1,47,2.6666666666666665,429,0.09594700884265264,429,Phillips,3,47,13
5.666666666666667,5.0,0.666666666666667,65.66666666666667,0.6699999999999999,8.133333333333335,18.333333333333332,1,149,2.6666666666666665,430,5.6784120967358,430,Haaland,4,149,13
0.0,0.0,0.0,0.0,0.0,0.0,0.0,0,47,3.3333333333333335,431,0.09594700884265264,431,Bayindir,1,47,14
0.0,0.0,0.0,0.0,0.0,0.0,0.0,0,49,3.3333333333333335,432,0.12499292419232864,432,Onana,1,49,14
0.0,0.0,0.0,0.0,0.0,0.0,0.0,0,40,3.3333333333333335,433,0.036727507219131,433,Harrison,1,40,14
0.0,0.0,0.0,0.0,0.0,0.0,0.0,0,39,3.3333333333333335,434,0.036727507219131,434,Heaton,1,39,14
0.0,0.0,0.0,0.0,0.0,0.0,0.0,0,39,3.3333333333333335,435,0.036727507219131,435,Mee,1,39,14
0.0,0.0,0.0,0.0,0.0,0.0,0.0,0,49,3.3333333333333335,436,0.12499292419232864,436,De Ligt,2,49,14
2.3333333333333335,3.2,-0.8666666666666667,90.0,0.09000000000000001,2.8000000000000003,14.0,0,48,3.3333333333333335,437,3.6061160887430574,437,Martinez,2,48,14
1.0,0.6,0.4,3.0,0.01333333333333333,0.5333333333333333,2.0,0,49,3.3333333333333335,438,1.5086462353925265,438,Mazraoui,2,49,14
0.0,0.0,0.0,0.0,0.0,0.0,0.0,0,42,3.3333333333333335,439,0.040714669660347085,439,D.Leon,2,42,14
5.0,4.2,0.7999999999999998,88.33333333333333,0.16666666666666666,4.900000000000001,22.333333333333332,0,45,3.3333333333333335,440,1.2896091874162854,440,Dalot,2,45,14
2.6666666666666665,5.6,-2.933333333333333,26.666666666666668,0.040000000000000015,1.7666666666666666,6.333333333333333,0,43,3.3333333333333335,441,0.3617432089043343,441,Dorgu,2,43,14
3.6666666666666665,3.4,0.2666666666666666,90.0,0.09000000000000001,3.5666666666666664,14.333333333333334,0,43,3.3333333333333335,442,3.204902818132349,442,Maguire,2,43,14
2.6666666666666665,2.8,-0.1333333333333333,88.66666666666667,0.09333333333333334,1.7666666666666666,8.333333333333334,0,45,3.3333333333333335,443,2.503768568937779,443,Shaw,2,45,14
0.3333333333333333,0.4,-0.06666666666666671,0.3333333333333333,0.0,0.03333333333333363,1.0,0,41,3.3333333333333335,444,0.39705561036104425,444,Yoro,2,41,14
0.0,0.0,0.0,0.0,0.0,0.0,0.0,0,40,3.3333333333333335,445,0.036727507219131,445,Amass,2,40,14
0.0,0.0,0.0,0.0,0.0,0.0,0.0,0,38,3.3333333333333335,446,0.03690566294694827,446,Fredricson,2,38,14
0.0,0.2,-0.2,0.0,0.0,0.0,0.0,0,38,3.3333333333333335,447,0.11647400993537643,447,Heaven,2,37,14
0.0,0.0,0.0,0.0,0.0,0.0,0.0,0,38,3.3333333333333335,448,0.03690566294694827,448,Malacia,2,38,14
8.333333333333334,8.4,-0.06666666666666643,90.0,0.6366666666666666,10.933333333333335,31.666666666666668,0,98,3.3333333333333335,449,3.9257838483997123,449,B.Fernandes,3,98,14
7.0,5.4,1.5999999999999996,56.0,0.13,5.166666666666667,22.0,0,81,3.3333333333333335,450,3.5573875645403197,450,Cunha,3,81,14
0.0,0.0,0.0,0.0,0.0,0.0,0.0,0,70,3.3333333333333335,451,0.07830519010183007,451,Rashford,3,70,14
2.0,1.8,0.19999999999999996,89.0,0.16666666666666666,5.366666666666667,15.333333333333334,0,62,3.3333333333333335,452,2.6339372374748184,452,Amad,3,62,14
0.6666666666666666,0.6,0.06666666666666665,24.666666666666668,0.02,0.933333333333333,3.3333333333333335,1,64,3.3333333333333335,453,1.495072842937482,453,Garnacho,3,64,7
0.0,0.0,0.0,0.0,0.0,0.0,0.0,0,59,3.3333333333333335,454,0.14676423627143026,454,Antony,3,59,14
0.0,0.4,-0.4,0.0,0.0,0.0,0.0,0,59,3.3333333333333335,455,0.4172291400375827,455,Mount,3,59,14
2.6666666666666665,2.2,0.46666666666666634,70.0,0.12,4.566666666666666,14.333333333333334,1,58,2.3333333333333335,456,1.9174671961583187,456,Sancho,3,58,2
6.0,5.0,1.0,83.33333333333333,0.40666666666666673,8.166666666666666,23.666666666666668,0,56,3.3333333333333335,457,1.1026221978358395,457,Casemiro,3,56,14
5.0,3.8,1.2000000000000002,90.0,0.09999999999999999,6.5,21.0,0,46,3.3333333333333335,458,2.2006180445321446,458,Mainoo,3,46,14
0.6666666666666666,1.0,-0.33333333333333337,6.0,0.0,0.5333333333333332,2.6666666666666665,0,47,3.3333333333333335,459,0.7945945472432614,459,Ugarte,3,47,14
0.0,0.0,0.0,0.0,0.0,0.0,0.0,0,45,3.3333333333333335,460,0.040714669660347085,460,Collyer,3,45,14
0.0,0.0,0.0,0.0,0.0,0.0,0.0,0,43,3.3333333333333335,461,0.040714669660347085,461,Fitzgerald,3,43,14
0.0,0.0,0.0,0.0,0.0,0.0,0.0,0,43,3.3333333333333335,462,0.040714669660347085,462,J.Fletcher,3,43,14
0.0,0.0,0.0,0.0,0.0,0.0,0.0,0,43,3.3333333333333335,463,0.040714669660347085,463,Kone,3,43,14
0.0,0.0,0.0,0.0,0.0,0.0,0.0,0,45,3.3333333333333335,464,0.040714669660347085,464,Moorhouse,3,45,14
0.0,0.0,0.0,0.0,0.0,0.0,0.0,0,63,3.3333333333333335,465,0.14832522095292425,465,Højlund,4,63,14
0.3333333333333333,0.4,-0.06666666666666671,1.0,0.0,0.09999999999999999,0.6666666666666666,0,58,3.3333333333333335,466,0.6226026527928312,466,Zirkzee,4,58,14
0.0,0.0,0.0,0.0,0.0,0.0,0.0,0,42,3.3333333333333335,467,0.040714669660347085,467,Obi,4,42,14
0.0,0.0,0.0,0.0,0.0,0.0,0.0,0,45,3.3333333333333335,468,0.040714669660347085,468,Wheatley,4,45,14
2.0,2.8,-0.7999999999999998,90.0,0.0,2.2,5.666666666666667,0,51,3.6666666666666665,469,3.5697527778356455,469,Pope,1,51,15
2.3333333333333335,3.0,-0.6666666666666665,90.0,0.0,3.466666666666667,13.666666666666666,0,40,3.3333333333333335,470,2.141656237022906,470,Dúbravka,1,40,3
0.0,0.0,0.0,0.0,0.0,0.0,0.0,0,39,3.6666666666666665,471,0.036727507219131,471,Gillespie,1,39,15
0.0,0.0,0.0,0.0,0.0,0.0,0.0,0,40,3.6666666666666665,472,0.036727507219131,472,Odysseas,1,40,15
1.3333333333333333,3.4,-2.0666666666666664,89.33333333333333,0.08000000000000002,4.733333333333333,5.666666666666667,0,53,3.6666666666666665,473,1.028946750672852,473,Hall,2,53,15
0.0,0.6,-0.6,0.0,0.0,0.0,0.0,0,52,3.6666666666666665,474,0.22535202329175277,474,Schär,2,52,15
3.3333333333333335,3.8,-0.46666666666666634,60.0,0.11666666666666665,4.966666666666666,11.333333333333334,0,49,3.6666666666666665,475,2.0647000969804674,475,Botman,2,49,15
0.6666666666666666,0.4,0.2666666666666666,31.0,0.0,1.1666666666666667,-0.6666666666666666,0,50,3.6666666666666665,476,2.403252011900981,476,Burn,2,50,15
0.0,0.2,-0.2,0.0,0.0,0.0,0.0,0,49,3.6666666666666665,477,0.20456127118075695,477,Livramento,2,49,15
1.0,1.8,-0.8,86.33333333333333,0.13333333333333333,5.166666666666667,6.0,0,49,3.6666666666666665,478,1.3245210042908362,478,Trippier,2,49,15
0.0,0.0,0.0,0.0,0.0,0.0,0.0,0,43,3.6666666666666665,479,0.040714669660347085,479,Krafth,2,43,15
0.0,0.0,0.0,0.0,0.0,0.0,0.0,0,43,3.6666666666666665,480,0.040714669660347085,480,Lascelles,2,43,15
0.3333333333333333,0.2,0.1333333333333333,0.3333333333333333,0.0,0.06666666666666667,-0.3333333333333333,0,38,3.6666666666666665,481,0.5826131889247202,481,A.Murphy,2,38,15
0.0,0.0,0.0,0.0,0.0,0.0,0.0,0,39,3.6666666666666665,482,0.036727507219131,482,Ashby,2,39,15
0.0,0.0,0.0,0.0,0.0,0.0,0.0,0,38,3.6666666666666665,483,0.03690566294694827,483,Pivas,2,38,15
0.0,0.0,0.0,0.0,0.0,0.0,0.0,0,40,3.6666666666666665,484,0.036727507219131,484,Targett,2,40,15
2.6666666666666665,2.4,0.2666666666666666,50.666666666666664,0.3799999999999999,4.433333333333334,11.333333333333334,0,72,3.6666666666666665,485,3.0349976303874593,485,Gordon,3,72,15
1.3333333333333333,1.0,0.33333333333333326,48.0,0.23666666666666666,2.6,7.666666666666667,0,65,3.6666666666666665,486,2.206744056158719,486,Elanga,3,65,15
2.0,4.8,-2.8,84.0,0.3399999999999999,1.8666666666666665,1.0,0,61,3.6666666666666665,487,1.6333296945936846,487,Barnes,3,61,15
3.6666666666666665,5.0,-1.3333333333333335,30.0,0.35333333333333344,4.033333333333334,12.333333333333334,0,70,3.6666666666666665,488,4.1350196412108176,488,Bruno G.,3,70,15
0.3333333333333333,0.4,-0.06666666666666671,20.666666666666668,0.013333333333333334,0.43333333333333274,0.3333333333333333,0,59,3.6666666666666665,489,1.5483032158614027,489,J.Murphy,3,59,15
0.0,2.2,-2.2,15.666666666666666,0.02,0.7999999999999999,2.0,0,59,3.6666666666666665,490,0.41361267262960016,490,Joelinton,3,59,15
2.6666666666666665,2.2,0.46666666666666634,86.33333333333333,0.2966666666666667,3.233333333333333,16.333333333333332,0,53,3.6666666666666665,491,3.498056247820602,491,Tonali,3,53,15
0.0,0.0,0.0,0.0,0.0,0.0,0.0,0,49,3.6666666666666665,492,0.12499292419232864,492,Antoñito C.,3,49,15
1.0,0.6,0.4,19.333333333333332,0.03666666666666667,1.2,2.6666666666666665,0,48,3.3333333333333335,493,1.3091112344371212,493,Longstaff,3,48,11
1.3333333333333333,0.8,0.5333333333333332,41.0,0.02,0.7666666666666666,6.333333333333333,0,50,3.6666666666666665,494,2.1407899239200696,494,Willock,3,50,15
0.0,0.0,0.0,0.0,0.0,0.0,0.0,0,45,3.6666666666666665,495,0.040714669660347085,495,Hayden,3,45,15
0.0,0.0,0.0,0.0,0.0,0.0,0.0,0,44,3.6666666666666665,496,0.040714669660347085,496,Kuol,3,44,15
0.6666666666666666,1.4,-0.7333333333333333,30.0,0.07666666666666667,2.533333333333333,4.666666666666667,0,45,3.6666666666666665,497,0.6863489629592686,497,L.Miley,3,45,15
0.0,0.0,0.0,0.0,0.0,0.0,0.0,0,45,3.6666666666666665,498,0.040714669660347085,498,White,3,45,15
0.0,0.0,0.0,0.0,0.0,0.0,0.0,0,103,2.3333333333333335,499,0.37148365686138,499,Isak,4,103,12
0.6666666666666666,0.4,0.2666666666666666,10.333333333333334,0.0033333333333333335,0.16666666666666666,1.6666666666666667,0,54,3.6666666666666665,500,1.1278339149611478,500,Osula,4,54,15
0.0,0.0,0.0,0.0,0.0,0.0,0.0,0,43,3.6666666666666665,501,0.040714669660347085,501,Neave,4,43,15
2.3333333333333335,4.0,-1.6666666666666665,45.0,0.0,0.4666666666666666,8.333333333333334,1,46,3.6666666666666665,502,0.8389327730689986,502,Sels,1,46,16
0.0,0.0,0.0,0.0,0.0,0.0,0.0,1,40,3.6666666666666665,503,0.036727507219131,503,C.Miguel,1,40,16
0.0,0.0,0.0,0.0,0.0,0.0,0.0,1,40,3.6666666666666665,504,0.036727507219131,504,Turner,1,40,16
4.0,4.0,0.0,90.0,0.0,1.866666666666667,9.333333333333334,1,51,3.6666666666666665,505,3.6099278979300156,505,Milenković,2,51,16
3.3333333333333335,4.0,-0.6666666666666665,60.0,0.006666666666666675,1.566666666666667,12.666666666666666,1,52,3.6666666666666665,506,1.5875006385052446,506,Murillo,2,52,16
4.666666666666667,4.2,0.4666666666666668,90.0,0.05000000000000001,2.1999999999999997,15.333333333333334,1,47,3.6666666666666665,507,5.115383679296567,507,Aina,2,47,16
2.0,3.2,-1.2000000000000002,44.666666666666664,0.0,0.9666666666666667,3.6666666666666665,1,47,3.6666666666666665,508,2.654203449757772,508,N.Williams,2,47,16
0.0,0.0,0.0,0.0,0.0,0.0,0.0,1,45,3.6666666666666665,509,0.040714669660347085,509,David Carmo,2,45,16
0.0,0.0,0.0,0.0,0.0,0.0,0.0,1,42,3.6666666666666665,510,0.040714669660347085,510,Jair Cunha,2,42,16
1.6666666666666667,1.2,0.4666666666666668,46.0,0.14666666666666667,1.5999999999999999,6.0,1,43,3.6666666666666665,511,2.783729107883692,511,Morato,2,43,16
0.0,0.0,0.0,0.0,0.0,0.0,0.0,1,45,3.6666666666666665,512,0.040714669660347085,512,O.Richards,2,45,16
0.3333333333333333,0.2,0.1333333333333333,25.0,0.0033333333333333335,0.5333333333333333,-1.3333333333333333,1,38,3.6666666666666665,513,1.9366256029621873,513,Abbott,2,38,16
0.0,0.0,0.0,0.0,0.0,0.0,0.0,1,38,3.6666666666666665,514,0.03690566294694827,514,Boly,2,38,16
5.333333333333333,5.6,-0.2666666666666666,82.0,0.16,7.333333333333333,21.666666666666668,1,73,3.6666666666666665,515,3.2145909857358217,515,Gibbs-White,3,73,16
2.0,2.2,-0.20000000000000018,65.66666666666667,0.06666666666666667,2.1999999999999997,6.666666666666667,1,57,3.6666666666666665,516,2.609337363298391,516,Hudson-Odoi,3,57,16
5.333333333333333,5.6,-0.2666666666666666,90.0,0.15,5.666666666666667,21.333333333333332,1,54,3.6666666666666665,517,4.245254035568012,517,Anderson,3,54,16
0.0,0.0,0.0,0.0,0.0,0.0,0.0,1,54,3.6666666666666665,518,0.1368970851471033,518,Jota,3,54,16
1.6666666666666667,3.6,-1.9333333333333333,52.666666666666664,0.06999999999999999,2.3,7.0,1,50,3.6666666666666665,519,1.302594741819219,519,Dominguez,3,50,16
0.0,0.0,0.0,0.0,0.0,0.0,0.0,1,50,3.6666666666666665,520,0.12499292419232864,520,O'Brien,3,50,16
2.6666666666666665,2.2,0.46666666666666634,90.0,0.11666666666666665,2.8666666666666667,10.666666666666666,1,49,3.6666666666666665,521,3.6328901493659638,521,Sangaré,3,49,16
0.6666666666666666,0.4,0.2666666666666666,22.666666666666668,0.016666666666666666,1.1333333333333333,3.3333333333333335,1,47,3.6666666666666665,522,1.149158828790255,522,Yates,3,47,16
0.0,0.0,0.0,0.0,0.0,0.0,0.0,1,45,3.6666666666666665,523,0.040714669660347085,523,Da Silva Moreira,3,45,16
0.0,0.0,0.0,0.0,0.0,0.0,0.0,1,45,3.6666666666666665,524,0.040714669660347085,524,Stamenic,3,45,16
0.0,0.0,0.0,0.0,0.0,0.0,0.0,1,72,3.6666666666666665,525,0.15834095290378294,525,Wood,4,72,16
4.0,3.2,0.7999999999999998,63.0,0.15333333333333335,4.1000000000000005,15.333333333333334,1,58,3.6666666666666665,526,2.0046128081476122,526,Igor Jesus,4,58,16
2.0,1.2,0.8,7.333333333333333,0.13,2.3333333333333335,10.0,1,52,3.6666666666666665,527,0.7352509021102931,527,Awoniyi,4,52,16
0.0,0.0,0.0,0.0,0.0,0.0,0.0,1,42,2.6666666666666665,528,0.040714669660347085,528,Patterson,1,42,17
0.0,0.0,0.0,0.0,0.0,0.0,0.0,1,39,2.6666666666666665,529,0.036727507219131,529,Moore,1,39,17
0.0,0.0,0.0,0.0,0.0,0.0,0.0,1,39,2.6666666666666665,530,0.036727507219131,530,Nna Noukeu,1,39,17
4.0,3.4,0.6000000000000001,90.0,0.07666666666666667,3.3000000000000003,12.0,1,46,2.6666666666666665,531,4.048881315609914,531,Ballard,2,46,17
2.0,1.4,0.6000000000000001,73.0,0.11333333333333333,1.566666666666667,0.3333333333333333,1,45,2.6666666666666665,532,2.0474232928335887,532,Hume,2,45,17
0.0,0.0,0.0,0.0,0.0,0.0,0.0,1,40,2.6666666666666665,533,0.036727507219131,533,Alese,2,40,17
0.0,0.0,0.0,0.0,0.0,0.0,0.0,1,38,2.6666666666666665,534,0.03690566294694827,534,Anderson,2,38,17
0.3333333333333333,0.6,-0.26666666666666666,15.0,0.0,0.2333333333333333,1.6666666666666667,1,40,2.6666666666666665,535,0.6390977703923444,535,Cirkin,2,40,17
0.0,0.0,0.0,0.0,0.0,0.0,0.0,1,40,2.6666666666666665,536,0.036727507219131,536,Hjelde,2,40,17
0.0,0.0,0.0,0.0,0.0,0.0,0.0,1,38,2.6666666666666665,538,0.03690566294694827,538,Johnson,2,38,17
0.6666666666666666,0.6,0.06666666666666665,3.6666666666666665,0.0,0.06666666666666667,1.6666666666666667,1,40,2.6666666666666665,539,0.5148126751567038,539,O'Nien,2,40,17
0.0,0.0,0.0,0.0,0.0,0.0,0.0,1,39,2.6666666666666665,540,0.036727507219131,540,Pembele,2,39,17
3.6666666666666665,2.6,1.0666666666666664,75.0,0.06666666666666667,2.766666666666667,7.333333333333333,1,38,2.6666666666666665,541,2.001379141156759,541,Reinildo,2,38,17
0.0,0.0,0.0,0.0,0.0,0.0,0.0,1,40,2.6666666666666665,542,0.036727507219131,542,Seelt,2,40,17
0.0,0.2,-0.2,0.0,0.0,0.0,0.0,1,49,2.6666666666666665,543,0.20456127118075695,543,Adingra,3,49,17
5.0,3.0,2.0,71.33333333333333,0.19999999999999998,3.9333333333333336,17.666666666666668,1,53,2.6666666666666665,544,3.110255778997953,544,Diarra,3,53,17
0.0,0.0,0.0,0.0,0.0,0.0,0.0,1,54,2.6666666666666665,545,0.1368970851471033,545,Roberts,3,54,17
0.0,0.0,0.0,0.0,0.0,0.0,0.0,1,49,2.6666666666666665,546,0.12499292419232864,546,Aleksić,3,49,17
3.0,3.4,-0.3999999999999999,90.0,0.06666666666666675,3.0000000000000004,17.666666666666668,1,49,2.6666666666666665,547,2.398368473693722,547,E.Le Fée,3,49,17
1.0,1.2,-0.19999999999999996,27.0,0.0033333333333333335,0.33333333333333304,3.0,1,49,2.6666666666666665,548,1.3707971017384588,548,Mundle,3,49,17
0.0,0.2,-0.2,0.0,0.0,0.0,0.0,1,48,2.6666666666666665,549,0.17551535583108085,549,Neil,3,48,17
0.0,0.0,0.0,0.0,0.0,0.0,0.0,1,48,2.6666666666666665,550,0.09594700884265264,550,Poveda,3,48,17
0.0,0.2,-0.2,0.0,0.0,0.0,0.0,1,47,2.6666666666666665,551,0.17551535583108085,551,Rigg,3,47,17
2.6666666666666665,2.6,0.06666666666666643,83.33333333333333,0.043333333333333335,1.933333333333333,12.666666666666666,1,49,2.6666666666666665,552,2.4442543441216875,552,Sadiki,3,49,17
3.6666666666666665,2.2,1.4666666666666663,62.333333333333336,0.07333333333333335,4.266666666666667,13.0,1,49,2.6666666666666665,553,3.4627850550635464,553,Talbi,3,49,17
0.0,0.0,0.0,0.0,0.0,0.0,0.0,1,43,2.6666666666666665,554,0.040714669660347085,554,Ba,3,43,17
0.0,0.0,0.0,0.0,0.0,0.0,0.0,1,45,2.6666666666666665,555,0.040714669660347085,555,Browne,3,45,17
0.0,0.0,0.0,0.0,0.0,0.0,0.0,1,45,2.6666666666666665,556,0.040714669660347085,556,Ekwah,3,45,17
0.0,0.0,0.0,0.0,0.0,0.0,0.0,1,43,2.6666666666666665,557,0.040714669660347085,557,H.Jones,3,43,17
0.0,0.0,0.0,0.0,0.0,0.0,0.0,1,43,2.6666666666666665,558,0.040714669660347085,558,Matete,3,43,17
0.0,0.0,0.0,0.0,0.0,0.0,0.0,1,44,2.6666666666666665,559,0.040714669660347085,559,Triantis,3,44,17
1.0,0.6,0.4,10.0,0.06666666666666667,1.0666666666666667,3.6666666666666665,1,51,2.6666666666666665,560,1.4695326487155753,560,Isidor,4,51,17
0.6666666666666666,0.8,-0.13333333333333341,24.666666666666668,0.003333333333333315,0.2666666666666664,0.0,1,52,2.6666666666666665,561,0.9636238453731587,561,Mayenda,4,52,17
0.0,0.0,0.0,0.0,0.0,0.0,0.0,1,42,2.6666666666666665,562,0.040714669660347085,562,Abdullahi,4,42,17
0.0,0.0,0.0,0.0,0.0,0.0,0.0,1,44,2.6666666666666665,563,0.040714669660347085,563,Luís Hemir,4,44,17
0.0,0.0,0.0,0.0,0.0,0.0,0.0,1,44,2.6666666666666665,564,0.040714669660347085,564,Rusyn,4,44,17
0.0,0.0,0.0,0.0,0.0,0.0,0.0,1,39,3.3333333333333335,566,0.036727507219131,566,Austin,1,39,18
0.0,0.0,0.0,0.0,0.0,0.0,0.0,1,39,3.3333333333333335,567,0.036727507219131,567,Kinsky,1,39,18
0.3333333333333333,1.0,-0.6666666666666667,15.0,0.04333333333333337,0.6,0.6666666666666666,1,52,3.3333333333333335,568,0.5947411989635518,568,Pedro Porro,2,51,18
2.6666666666666665,3.8,-1.1333333333333333,54.333333333333336,0.04000000000000004,2.8333333333333335,3.0,1,50,3.3333333333333335,569,1.3520714420528335,569,Romero,2,50,18
0.3333333333333333,0.2,0.1333333333333333,25.666666666666668,0.006666666666666667,0.7000000000000001,1.6666666666666667,1,42,3.3333333333333335,570,1.0587390998489759,570,Danso,2,42,18
0.0,0.0,0.0,0.0,0.0,0.0,0.0,1,43,3.3333333333333335,571,0.040714669660347085,571,Davies,2,43,18
0.6666666666666666,0.4,0.2666666666666666,49.666666666666664,0.0,0.6666666666666666,0.6666666666666666,1,45,3.3333333333333335,572,2.0317288153257236,572,Dragusin,2,45,18
0.3333333333333333,0.6,-0.26666666666666666,30.0,0.21333333333333337,3.466666666666667,8.0,1,42,3.3333333333333335,573,0.15766778439861887,573,Spence,2,42,18
0.6666666666666666,0.4,0.2666666666666666,63.0,0.08333333333333333,2.5000000000000004,1.3333333333333333,1,43,3.3333333333333335,574,2.26404339552409,574,Udogie,2,43,18
2.6666666666666665,1.6,1.0666666666666664,60.0,0.07333333333333326,3.3333333333333335,9.0,1,45,3.3333333333333335,575,2.885712276670395,575,Van de Ven,2,45,18
0.0,0.0,0.0,0.0,0.0,0.0,0.0,1,40,3.3333333333333335,576,0.036727507219131,576,Phillips,2,40,18
0.0,0.0,0.0,0.0,0.0,0.0,0.0,1,40,3.3333333333333335,577,0.036727507219131,577,Takai,2,40,18
0.0,0.0,0.0,0.0,0.0,0.0,0.0,1,39,3.3333333333333335,578,0.036727507219131,578,Vuskovic,2,39,18
0.0,0.0,0.0,0.0,0.0,0.0,0.0,1,85,3.3333333333333335,579,0.09979724296618697,579,Son,3,85,18
1.6666666666666667,1.8,-0.1333333333333333,55.666666666666664,0.11333333333333334,1.8,6.0,1,65,3.0,580,1.4525596326230892,580,Johnson,3,65,8
0.0,0.0,0.0,0.0,0.0,0.0,0.0,1,68,3.3333333333333335,581,0.09245191438573538,581,Maddison,3,68,18
0.0,0.0,0.0,0.0,0.0,0.0,0.0,1,64,3.3333333333333335,582,0.14832522095292425,582,Kudus,3,64,18
0.0,0.0,0.0,0.0,0.0,0.0,0.0,1,64,3.3333333333333335,583,0.14832522095292425,583,Kulusevski,3,64,18
1.0,3.0,-2.0,14.666666666666666,0.1166666666666667,1.9666666666666668,1.6666666666666667,1,62,3.3333333333333335,584,0.9911623368577156,584,Tel,3,62,18
0.0,0.4,-0.4,0.0,0.0,0.0,0.0,1,53,3.3333333333333335,585,0.2551955760370721,585,Bentancur,3,53,18
0.0,0.4,-0.4,0.0,0.0,0.0,0.0,1,52,3.3333333333333335,586,0.25901306674330904,586,Bergvall,3,52,18
2.0,1.4,0.6000000000000001,51.333333333333336,0.03,1.0999999999999999,9.666666666666666,1,52,3.3333333333333335,587,1.9273244042519393,587,Bissouma,3,52,18
3.3333333333333335,2.6,0.7333333333333334,47.666666666666664,0.3,6.366666666666667,15.333333333333334,1,53,3.3333333333333335,588,1.8442700454954861,588,Odobert,3,53,18
0.0,0.0,0.0,0.0,0.0,0.0,0.0,1,54,3.3333333333333335,589,0.1368970851471033,589,Solomon,3,54,18
0.0,0.0,0.0,0.0,0.0,0.0,0.0,1,49,3.3333333333333335,590,0.12499292419232864,590,Bryan,3,49,18
1.6666666666666667,1.2,0.4666666666666668,64.0,0.01,1.0999999999999999,7.666666666666667,1,48,3.3333333333333335,591,3.3223412489680415,591,Gray,3,48,18
0.0,0.0,0.0,0.0,0.0,0.0,0.0,1,50,3.3333333333333335,592,0.12499292419232864,592,Moore,3,50,18
1.0,0.6,0.4,45.0,0.043333333333333356,1.5666666666666667,6.666666666666667,1,45,3.3333333333333335,593,3.797043020410321,593,P.M.Sarr,3,45,18
0.0,0.0,0.0,0.0,0.0,0.0,0.0,1,45,3.3333333333333335,594,0.040714669660347085,594,Min-hyeok,3,45,18
0.0,0.0,0.0,0.0,0.0,0.0,0.0,1,43,3.3333333333333335,595,0.040714669660347085,595,Olusesi,3,43,18
5.333333333333333,3.4,1.9333333333333331,86.0,0.2966666666666667,7.100000000000001,20.333333333333332,1,72,3.3333333333333335,596,4.449719472067476,596,Solanke,4,72,18
0.0,0.2,-0.2,0.0,0.0,0.0,0.0,1,63,3.3333333333333335,597,0.2873572196765921,597,Richarlison,4,63,18
0.0,0.0,0.0,0.0,0.0,0.0,0.0,1,45,3.3333333333333335,598,0.040714669660347085,598,Lankshear,4,45,18
0.3333333333333333,0.2,0.1333333333333333,1.6666666666666667,0.0033333333333333335,0.16666666666666666,1.0,1,43,3.3333333333333335,599,0.5122531461138833,599,Scarlett,4,43,18
1.3333333333333333,1.8,-0.4666666666666668,60.0,0.0,0.8333333333333334,3.6666666666666665,1,43,3.3333333333333335,600,1.2511278562721797,600,Areola,1,43,19
0.0,0.0,0.0,0.0,0.0,0.0,0.0,1,40,3.3333333333333335,601,0.036727507219131,601,Foderingham,1,40,19
0.0,0.0,0.0,0.0,0.0,0.0,0.0,1,39,3.3333333333333335,602,0.036727507219131,602,Hegyi,1,39,19
3.6666666666666665,2.2,1.4666666666666663,59.333333333333336,0.06333333333333334,3.3333333333333335,15.333333333333334,1,40,3.3333333333333335,603,2.89681854800713,603,Diouf,2,40,19
0.3333333333333333,0.4,-0.06666666666666671,8.333333333333334,0.0,0.3999999999999997,0.0,1,42,3.3333333333333335,605,0.6492010043927874,605,Kilman,2,42,19
4.333333333333333,3.8,0.5333333333333332,90.0,0.026666666666666658,2.366666666666667,11.666666666666666,1,44,3.3333333333333335,606,3.8831425339830234,606,Mavropanos,2,44,19
0.0,0.0,0.0,0.0,0.0,0.0,0.0,1,44,3.3333333333333335,607,0.040714669660347085,607,N.Aguerd,2,44,19
2.0,2.4,-0.3999999999999999,30.0,0.0033333333333333335,0.8666666666666667,9.666666666666666,1,43,3.3333333333333335,608,0.7500643034517523,608,Scarles,2,43,19
0.6666666666666666,1.6,-0.9333333333333335,60.0,0.06666666666666667,1.3,-0.6666666666666666,1,43,3.3333333333333335,609,2.079382738166716,609,Todibo,2,43,19
5.666666666666667,4.2,1.4666666666666668,90.0,0.04000000000000001,4.733333333333333,21.666666666666668,1,41,3.3333333333333335,610,2.823121030305825,610,Wan-Bissaka,2,41,19
0.0,0.0,0.0,0.0,0.0,0.0,0.0,1,40,3.3333333333333335,611,0.036727507219131,611,Casey,2,40,19
0.0,0.4,-0.4,0.0,0.0,0.0,0.0,1,59,3.3333333333333335,612,0.3456735294988901,612,L.Paquetá,3,59,19
2.3333333333333335,3.2,-0.8666666666666667,90.0,0.03666666666666667,2.4,12.333333333333334,1,57,3.3333333333333335,613,5.7566636622007135,613,Souček,3,57,19
0.0,0.0,0.0,0.0,0.0,0.0,0.0,0,56,3.3333333333333335,614,0.18774119325637026,614,Ward-Prowse,3,56,3
8.666666666666666,8.0,0.6666666666666661,90.0,0.42333333333333334,8.9,32.333333333333336,1,56,3.3333333333333335,615,2.9263186264132424,615,Summerville,3,56,19
0.0,0.0,0.0,0.0,0.0,0.0,0.0,1,49,3.3333333333333335,616,0.12499292419232864,616,Álvarez,3,49,19
0.0,0.0,0.0,0.0,0.0,0.0,0.0,1,49,3.3333333333333335,617,0.12499292419232864,617,Cornet,3,49,19
0.0,0.2,-0.2,0.0,0.0,0.0,0.0,1,48,3.3333333333333335,618,0.17551535583108085,618,G.Rodriguez,3,48,19
0.0,0.0,0.0,0.0,0.0,0.0,0.0,1,49,3.3333333333333335,619,0.12499292419232864,619,L.Guilherme,3,49,19
0.0,0.0,0.0,0.0,0.0,0.0,0.0,1,45,3.3333333333333335,620,0.040714669660347085,620,Earthy,3,45,19
0.0,0.0,0.0,0.0,0.0,0.0,0.0,1,43,3.3333333333333335,621,0.040714669660347085,621,Irving,3,43,19
0.0,0.0,0.0,0.0,0.0,0.0,0.0,1,44,3.3333333333333335,622,0.040714669660347085,622,Orford,3,44,19
0.6666666666666666,0.6,0.06666666666666665,16.0,0.21333333333333335,0.5,3.3333333333333335,1,44,3.3333333333333335,623,1.1390589222514271,623,Potts,3,44,19
7.333333333333333,5.4,1.9333333333333327,86.66666666666667,0.4766666666666666,7.7,28.0,1,77,3.3333333333333335,624,4.7139620534517865,624,Bowen,4,76,19
0.0,0.0,0.0,0.0,0.0,0.0,0.0,1,56,3.3333333333333335,625,0.18774119325637026,625,Füllkrug,4,56,19
0.0,0.0,0.0,0.0,0.0,0.0,0.0,1,43,3.3333333333333335,626,0.040714669660347085,626,Marshall,4,43,19
0.0,0.0,0.0,0.0,0.0,0.0,0.0,1,44,3.0,627,0.040714669660347085,627,Johnstone,1,44,20
5.0,4.6,0.40000000000000036,90.0,0.0,4.033333333333334,23.333333333333332,1,42,3.0,628,1.8547218050308938,628,José Sá,1,42,20
0.0,0.0,0.0,0.0,0.0,0.0,0.0,1,39,3.0,629,0.036727507219131,629,Bentley,1,39,20
0.0,0.0,0.0,0.0,0.0,0.0,0.0,1,39,2.6666666666666665,630,0.036727507219131,630,King,1,39,9
1.0,0.6,0.4,30.0,0.04,1.433333333333333,3.6666666666666665,1,42,3.0,631,1.5829028831748497,631,Agbadou,2,42,20
0.0,0.0,0.0,15.0,0.0,0.2333333333333333,-3.3333333333333335,1,44,3.0,632,1.884332906237091,632,Doherty,2,44,20
1.3333333333333333,2.2,-0.8666666666666669,79.0,0.17666666666666672,3.733333333333333,6.666666666666667,1,43,3.0,633,3.0263895759776815,633,H.Bueno,2,43,20
2.3333333333333335,3.0,-0.6666666666666665,90.0,0.10333333333333333,2.733333333333333,7.0,1,43,3.0,634,3.0464243475613255,634,Mosquera,2,43,20
1.3333333333333333,1.2,0.1333333333333333,58.0,0.06999999999999999,2.6999999999999997,7.0,1,44,3.0,635,1.7409483346794707,635,R.Gomes,2,44,20
3.0,3.2,-0.20000000000000018,89.33333333333333,0.18666666666666668,2.2333333333333334,10.333333333333334,1,44,3.0,636,3.37255787550868,636,S.Bueno,2,44,20
0.0,0.0,0.0,0.0,0.0,0.0,0.0,1,42,3.0,637,0.040714669660347085,637,Toti,2,42,20
0.0,0.0,0.0,0.0,0.0,0.0,0.0,1,38,3.0,638,0.03690566294694827,638,Hoever,2,38,20
0.0,0.0,0.0,0.0,0.0,0.0,0.0,1,40,3.0,639,0.036727507219131,639,Meupiyou,2,40,20
0.6666666666666666,0.4,0.2666666666666666,0.6666666666666666,0.0,0.06666666666666667,0.6666666666666666,1,40,3.0,640,0.38850483998721064,640,Pedro Lima,2,40,20
0.0,0.0,0.0,0.0,0.0,0.0,0.0,1,39,3.0,641,0.036727507219131,641,Pond,2,39,20
1.0,1.6,-0.6000000000000001,37.0,0.016666666666666666,1.466666666666666,6.0,1,56,3.0,642,1.757176515337186,642,Hee Chan,3,56,20
1.0,1.2,-0.19999999999999996,26.333333333333332,0.01,0.8999999999999998,4.666666666666667,1,53,3.0,643,1.3345538778933592,643,André,3,52,20
0.6666666666666666,0.4,0.2666666666666666,14.0,0.03999999999999999,1.0333333333333334,3.0,1,51,3.0,644,1.1626351165438067,644,Bellegarde,3,51,20
0.0,0.0,0.0,0.0,0.0,0.0,0.0,1,51,3.0,645,0.15763932941548836,645,Fer López,3,51,20
3.3333333333333335,3.2,0.1333333333333333,90.0,0.08666666666666667,3.0000000000000004,15.333333333333334,1,53,3.0,646,3.0194131119854264,646,J.Gomes,3,53,20
0.0,0.0,0.0,0.0,0.0,0.0,0.0,1,55,3.0,647,0.1869376606432509,647,Guedes,3,55,20
0.0,0.0,0.0,0.0,0.0,0.0,0.0,1,53,3.0,648,0.1368970851471033,648,Munetsi,3,53,20
0.0,0.0,0.0,0.0,0.0,0.0,0.0,1,50,3.0,649,0.12499292419232864,649,B.Traore,3,50,20
0.0,0.0,0.0,0.0,0.0,0.0,0.0,1,43,3.0,650,0.040714669660347085,650,Chirewa,3,43,20
0.0,0.0,0.0,0.0,0.0,0.0,0.0,1,43,3.0,651,0.040714669660347085,651,Edozie,3,43,20
0.0,0.0,0.0,0.0,0.0,0.0,0.0,1,43,3.0,652,0.040714669660347085,652,Gonzalez,3,43,20
0.0,0.0,0.0,0.0,0.0,0.0,0.0,1,45,3.0,653,0.040714669660347085,653,Hodge,3,45,20
1.0,1.6,-0.6000000000000001,51.666666666666664,0.20333333333333334,2.4,1.0,1,61,3.0,654,4.914297372779932,654,Strand Larsen,4,62,8
0.0,0.0,0.0,0.0,0.0,0.0,0.0,1,49,3.0,655,0.12499292419232864,655,Fábio Silva,4,49,20
0.0,0.0,0.0,0.0,0.0,0.0,0.0,1,49,3.0,656,0.12499292419232864,656,Kalajdžić,4,49,20
0.0,0.0,0.0,0.0,0.0,0.0,0.0,1,44,3.0,657,0.040714669660347085,657,Chiwome,4,44,20
0.0,0.0,0.0,0.0,0.0,0.0,0.0,1,42,3.0,658,0.040714669660347085,658,Fraser,4,42,20
0.3333333333333333,0.2,0.1333333333333333,0.3333333333333333,0.0,0.03333333333333304,0.6666666666666666,1,42,3.3333333333333335,659,0.32944510129673127,659,Walker-Peters,2,42,19
3.3333333333333335,2.4,0.9333333333333336,54.666666666666664,0.16,4.3,16.0,0,48,3.3333333333333335,660,1.395101311321944,660,Stach,3,47,11
5.333333333333333,3.6,1.733333333333333,68.0,0.62,7.333333333333333,19.666666666666668,0,89,2.3333333333333335,661,2.474584425678392,661,Ekitiké,4,89,12
1.3333333333333333,0.8,0.5333333333333332,30.0,0.0033333333333333335,1.0666666666666667,4.333333333333333,0,53,3.0,662,1.4727723221113709,662,Mosquera,2,53,1
0.3333333333333333,0.6,-0.26666666666666666,3.3333333333333335,0.0033333333333333704,0.09999999999999998,1.0,1,49,3.0,663,0.6752613039422909,663,J.Arias,3,49,20
0.0,0.0,0.0,0.0,0.0,0.0,0.0,0,39,3.0,664,0.036727507219131,664,Lecomte,1,39,10
0.0,0.2,-0.2,0.0,0.0,0.0,0.0,0,45,3.3333333333333335,665,0.12028301664877522,665,Perri,1,45,11
6.666666666666667,4.4,2.2666666666666666,65.0,0.6333333333333333,7.766666666666667,29.333333333333332,0,88,3.0,666,4.839961769295444,666,Gyökeres,4,88,1
0.0,0.0,0.0,0.0,0.0,0.0,0.0,1,42,2.6666666666666665,667,0.040714669660347085,667,Aznou,2,42,9
0.0,0.8,-0.8,0.0,0.0,0.0,0.0,1,51,2.6666666666666665,668,0.289344017034685,668,Xhaka,3,51,17
0.6666666666666666,0.6,0.06666666666666665,14.333333333333334,0.11666666666666668,1.6000000000000003,3.0,1,55,3.6666666666666665,669,1.4401413381910715,669,Ndoye,3,55,16
2.6666666666666665,2.4,0.2666666666666666,90.0,0.01,1.5,10.0,1,50,2.6666666666666665,670,3.3787978073076816,670,Roefs,1,49,17
1.0,1.8,-0.8,30.0,0.03333333333333333,1.1333333333333333,2.6666666666666665,1,58,3.3333333333333335,671,1.8282732905242438,671,Wilson,4,58,19
0.6666666666666666,0.8,-0.13333333333333341,20.0,0.013333333333333334,1.0999999999999999,2.6666666666666665,1,46,3.3333333333333335,672,0.7979877328542571,672,Hato,2,46,7
1.6666666666666667,2.8,-1.133333333333333,56.333333333333336,0.04666666666666667,1.6333333333333329,7.0,1,55,3.3333333333333335,673,1.5106955687073547,673,J.Palhinha,3,55,18
0.0,0.0,0.0,0.0,0.0,0.0,0.0,0,48,3.6666666666666665,674,0.09594700884265264,674,Ramsdale,1,48,15
0.3333333333333333,0.2,0.1333333333333333,15.0,0.0,0.03333333333333333,1.3333333333333333,1,40,3.6666666666666665,675,0.4888014530630345,675,Gunn,1,40,16
1.6666666666666667,2.6,-0.9333333333333333,86.0,0.02666666666666667,1.7666666666666668,12.333333333333334,0,50,3.3333333333333335,676,3.6958948039768114,676,Ugochukwu,3,50,3
1.3333333333333333,1.2,0.1333333333333333,11.333333333333334,0.023333333333333334,1.2,5.333333333333333,1,62,3.0,677,1.817402360798462,677,Guessand,3,62,8
0.0,0.0,0.0,0.0,0.0,0.0,0.0,1,39,2.6666666666666665,678,0.036727507219131,678,Masuaku,2,39,17
3.3333333333333335,2.0,1.3333333333333335,30.0,0.0,1.0666666666666667,12.0,1,42,3.3333333333333335,679,1.2764061662785042,679,Hermansen,1,42,19
1.3333333333333333,1.6,-0.26666666666666683,35.333333333333336,0.07333333333333332,0.7666666666666666,1.3333333333333333,0,52,3.3333333333333335,680,1.8217909153085867,680,Broja,4,52,3
2.6666666666666665,4.2,-1.5333333333333337,13.333333333333334,0.26333333333333336,2.8333333333333335,10.666666666666666,0,72,3.3333333333333335,681,5.307505314639153,681,Šeško,4,72,14
0.6666666666666666,0.4,0.2666666666666666,10.333333333333334,0.006666666666666667,0.3666666666666664,1.6666666666666667,1,42,3.0,682,0.9207533865246832,682,Møller Wolfe,2,42,20
2.6666666666666665,2.0,0.6666666666666665,88.33333333333333,0.0033333333333333335,3.0666666666666678,13.333333333333334,1,41,2.6666666666666665,683,3.166809645913174,683,Alderete,2,41,17
0.6666666666666666,2.0,-1.3333333333333335,90.0,0.11666666666666668,2.9,2.0,0,51,3.6666666666666665,684,3.9666947179193355,684,Thiaw,2,50,15
0.3333333333333333,0.6,-0.26666666666666666,0.3333333333333333,0.0,0.0,1.0,0,42,2.3333333333333335,685,0.40602879512239887,685,Diakité,2,42,4
0.3333333333333333,0.4,-0.06666666666666671,5.333333333333333,0.01,0.3666666666666667,1.6666666666666667,0,43,2.3333333333333335,686,0.850293204880219,686,Ngumoha,3,43,12
0.0,0.0,0.0,0.0,0.0,0.0,0.0,0,43,2.3333333333333335,687,0.04022862505555823,687,Rees-Dottin,3,43,4
0.0,0.0,0.0,0.0,0.0,0.0,0.0,1,39,2.3333333333333335,688,0.03624146261434214,688,Wright,1,39,2
0.0,0.0,0.0,0.0,0.0,0.0,0.0,0,43,3.6666666666666665,689,0.040714669660347085,689,Seung soo,3,43,15
0.0,0.0,0.0,0.0,0.0,0.0,0.0,1,44,3.0,690,0.040714669660347085,690,Cardines,3,44,8
3.6666666666666665,4.2,-0.5333333333333337,88.0,0.2866666666666667,3.566666666666665,11.0,0,59,3.3333333333333335,691,2.547251037426353,691,Calvert-Lewin,4,59,11
0.0,0.0,0.0,0.0,0.0,0.0,0.0,0,49,2.3333333333333335,692,0.12450687958753978,692,Leoni,2,49,12
1.6666666666666667,1.4,0.26666666666666683,21.666666666666668,0.07666666666666667,2.166666666666666,7.666666666666667,1,54,3.6666666666666665,693,1.4438115677600067,693,Hutchinson,3,54,16
4.666666666666667,4.6,0.06666666666666732,87.33333333333333,0.22,3.6666666666666665,14.0,1,46,2.6666666666666665,694,1.819841606634064,694,Mukiele,2,46,17
0.0,1.2,-1.2,10.0,0.0,0.16666666666666607,0.3333333333333333,1,44,3.0,695,0.6156618706210555,695,Tchatchoua,2,44,20
0.0,0.0,0.0,0.0,0.0,0.0,0.0,1,60,3.6666666666666665,696,0.11623217853673194,696,Kalimuendo,4,60,16
5.666666666666667,4.8,0.8666666666666671,82.33333333333333,0.5933333333333334,8.3,19.0,0,54,2.3333333333333335,697,3.3262954573974195,697,Adli,3,54,4
3.0,2.6,0.3999999999999999,43.666666666666664,0.29000000000000004,3.4333333333333336,11.666666666666666,0,55,3.3333333333333335,698,3.6688432118736376,698,Okafor,3,55,11
1.3333333333333333,0.8,0.5333333333333332,55.333333333333336,0.14,5.1000000000000005,13.333333333333334,1,49,2.3333333333333335,699,1.8001544887334837,699,Douglas Luiz,3,49,2
0.0,0.0,0.0,0.0,0.0,0.0,0.0,0,42,3.0,700,0.040714669660347085,700,Dowman,3,42,1
0.0,0.0,0.0,0.0,0.0,0.0,0.0,1,40,2.3333333333333335,701,0.03624146261434214,701,Rowe,2,40,2
0.0,0.0,0.0,0.0,0.0,0.0,0.0,1,44,2.3333333333333335,702,0.04022862505555823,702,Burrowes,3,44,2
0.0,0.0,0.0,0.0,0.0,0.0,0.0,1,39,2.3333333333333335,703,0.03624146261434214,703,Proctor,1,39,2
0.0,0.0,0.0,0.0,0.0,0.0,0.0,1,45,2.6666666666666665,704,0.040714669660347085,704,Onyango,3,45,9
0.0,0.0,0.0,0.0,0.0,0.0,0.0,1,39,2.6666666666666665,705,0.036727507219131,705,Campbell,2,39,9
5.333333333333333,5.0,0.33333333333333304,75.0,0.39666666666666667,7.333333333333333,18.333333333333332,0,39,3.3333333333333335,706,3.64848011549651,706,Justin,2,39,11
0.6666666666666666,0.4,0.2666666666666666,9.666666666666666,0.02,0.7333333333333337,1.0,1,53,2.6666666666666665,707,1.1088429319468047,707,Dibling,3,53,9
6.666666666666667,6.2,0.4666666666666668,90.0,0.21999999999999997,5.599999999999999,29.666666666666668,1,55,3.3333333333333335,708,5.194181279619668,708,M.Fernandes,3,55,19
3.0,3.2,-0.20000000000000018,45.666666666666664,0.0,0.9,9.0,1,45,3.0,709,1.2342787390563938,709,Krejčí,2,45,20
0.0,0.0,0.0,0.0,0.0,0.0,0.0,1,39,2.3333333333333335,710,0.03624146261434214,710,Patterson,2,39,2
0.0,0.0,0.0,0.0,0.0,0.0,0.0,0,44,3.0,711,0.040714669660347085,711,Harriman-Annous,3,44,1
1.0,3.0,-2.0,56.666666666666664,0.21,3.6999999999999997,6.0,1,58,3.0,712,1.804718980868731,712,Yeremy,3,58,8
4.333333333333333,3.0,1.333333333333333,84.66666666666667,0.17333333333333334,5.666666666666667,15.666666666666666,0,45,2.3333333333333335,713,1.5298140808758265,713,A.Jimenez,2,45,4
1.0,2.0,-1.0,30.0,0.02666666666666667,0.7666666666666663,3.0,0,69,3.6666666666666665,714,2.4129773092175144,714,Woltemade,4,69,15
0.0,0.0,0.0,0.0,0.0,0.0,0.0,1,40,3.6666666666666665,715,0.036727507219131,715,John,1,40,16
0.0,0.0,0.0,0.0,0.0,0.0,0.0,1,45,3.6666666666666665,716,0.040714669660347085,716,Savona,2,45,16
4.0,3.8,0.20000000000000018,90.0,0.7033333333333335,7.866666666666667,24.0,1,65,3.3333333333333335,717,1.3917660629288837,717,Xavi,3,65,18
0.0,0.0,0.0,0.0,0.0,0.0,0.0,1,50,3.3333333333333335,718,0.12499292419232864,718,S.Magassa,3,50,19
0.3333333333333333,1.4,-1.0666666666666667,0.3333333333333333,0.01,0.1333333333333332,1.3333333333333333,1,45,2.3333333333333335,719,1.2136357094823285,719,Lindelöf,2,45,2
4.0,3.0,1.0,90.0,0.45333333333333337,7.3,14.0,1,54,3.0,720,3.5479392908142393,720,Tolu,4,54,20
0.0,0.4,-0.4,0.0,0.0,0.0,0.0,0,44,2.3333333333333335,721,0.3038610927744775,721,Milosavljević,2,44,4
2.0,3.0,-1.0,58.333333333333336,0.013333333333333334,1.0000000000000002,6.333333333333333,0,50,3.3333333333333335,722,1.8115039963448802,722,Florentino,3,50,3
0.0,2.0,-2.0,21.333333333333332,0.0,0.0,-2.3333333333333335,1,45,3.0,723,0.6818013641955063,723,Canvot,2,45,8
0.6666666666666666,0.6,0.06666666666666665,9.666666666666666,0.03666666666666667,0.6333333333333335,1.3333333333333333,1,45,2.6666666666666665,724,0.8342857654476098,724,Geertruida,2,45,17
4.666666666666667,2.8,1.8666666666666671,59.0,0.05333333333333334,2.6999999999999997,17.0,0,51,3.0,725,4.48479080812526,725,Hincapie,2,51,1
1.0,1.2,-0.19999999999999996,25.666666666666668,0.01,0.43333333333333274,2.6666666666666665,1,69,3.3333333333333335,726,1.9076713907919567,726,Kolo Muani,4,69,18
3.6666666666666665,2.2,1.4666666666666663,61.0,0.26,5.3,15.0,0,53,3.0,727,2.618406086245321,727,Chukwueze,3,53,10
0.0,0.8,-0.8,0.0,0.0,0.0,0.0,1,50,2.6666666666666665,728,0.25973482342896836,728,Röhl,3,50,9
0.0,0.0,0.0,0.0,0.0,0.0,0.0,1,45,3.6666666666666665,729,0.040714669660347085,729,Cuiabano,2,45,16
3.3333333333333335,4.2,-0.8666666666666667,84.33333333333333,0.21333333333333335,3.8666666666666667,11.666666666666666,1,55,2.6666666666666665,730,3.4071811017519016,730,Brobbey,4,55,17
2.6666666666666665,2.0,0.6666666666666665,30.666666666666668,0.06999999999999999,2.3333333333333335,8.333333333333334,0,58,3.0,731,1.907826703698366,731,Kevin,3,58,10
0.6666666666666666,0.4,0.2666666666666666,11.333333333333334,0.01,0.03333333333333333,0.0,1,55,3.0,732,1.5009322692688145,732,Uche,4,55,8
3.3333333333333335,3.4,-0.06666666666666643,90.0,0.0,2.0666666666666664,14.666666666666666,0,50,3.3333333333333335,733,2.773108764337036,733,Lammens,1,50,14
0.0,0.2,-0.2,0.0,0.0,0.0,0.0,1,59,3.6666666666666665,734,0.31353871591496973,734,Bakwa,3,59,16
0.0,0.0,0.0,0.0,0.0,0.0,0.0,1,55,2.6666666666666665,735,0.1869376606432509,735,Traoré,3,55,17
4.333333333333333,3.2,1.1333333333333329,90.0,0.0,2.066666666666667,18.0,1,56,2.6666666666666665,736,4.866854004028929,736,Donnarumma,1,56,13
0.0,0.0,0.0,0.0,0.0,0.0,0.0,0,45,3.0,737,0.040714669660347085,737,Kusi-Asare,4,45,10
0.0,0.0,0.0,0.0,0.0,0.0,0.0,1,45,3.3333333333333335,738,0.040714669660347085,738,Fabianski,1,45,19
0.0,0.2,-0.2,0.0,0.0,0.0,0.0,1,44,2.6666666666666665,739,0.12028301664877522,739,Mukasa,3,44,13
0.0,0.0,0.0,0.0,0.0,0.0,0.0,1,39,2.6666666666666665,740,0.036727507219131,740,Mfuni,2,39,13
0.0,0.0,0.0,0.0,0.0,0.0,0.0,0,45,3.3333333333333335,741,0.040714669660347085,741,Gray,4,45,11
0.0,0.0,0.0,0.0,0.0,0.0,0.0,1,45,2.6666666666666665,742,0.040714669660347085,742,McAidoo,3,45,13
0.0,0.0,0.0,0.0,0.0,0.0,0.0,1,45,3.3333333333333335,743,0.040714669660347085,743,Emenalo,3,45,7
0.0,0.0,0.0,0.0,0.0,0.0,0.0,0,45,3.3333333333333335,744,0.040714669660347085,744,Oriola,3,45,6
0.3333333333333333,0.2,0.1333333333333333,0.3333333333333333,0.0,0.03333333333333333,1.0,1,40,3.3333333333333335,745,0.26796999197185917,745,Byfield,2,40,18
0.0,0.0,0.0,0.0,0.0,0.0,0.0,0,45,2.3333333333333335,746,0.04022862505555823,746,Morrison,3,45,12
0.0,0.2,-0.2,0.0,0.0,0.0,0.0,1,40,3.3333333333333335,747,0.11629585420755918,747,Mayers,2,40,19
0.0,0.0,0.0,0.0,0.0,0.0,0.0,1,49,2.6666666666666665,748,0.12499292419232864,748,Dasilva,3,49,5
2.0,2.0,0.0,90.0,0.3466666666666667,5.833333333333333,13.666666666666666,1,46,3.0,749,3.431382885049488,749,Mané,4,46,20
0.0,0.0,0.0,0.0,0.0,0.0,0.0,1,40,3.3333333333333335,750,0.036727507219131,750,Rowswell,2,40,18
0.0,0.0,0.0,0.0,0.0,0.0,0.0,1,45,3.3333333333333335,751,0.040714669660347085,751,Akhamrich,3,45,18
0.0,0.0,0.0,0.0,0.0,0.0,0.0,1,40,3.3333333333333335,752,0.036727507219131,752,Golambeckis,2,40,19
0.0,0.0,0.0,0.0,0.0,0.0,0.0,0,40,3.6666666666666665,753,0.036727507219131,753,Ruddy,1,40,15
0.0,0.2,-0.2,0.0,0.0,0.0,0.0,1,45,2.3333333333333335,754,0.11979697204398636,754,George Hemmings,3,45,2
0.0,0.2,-0.2,0.0,0.0,0.0,0.0,0,45,3.3333333333333335,755,0.12028301664877522,755,Lacey,3,45,14
0.0,0.0,0.0,0.0,0.0,0.0,0.0,0,45,2.3333333333333335,756,0.04022862505555823,756,DaCosta,3,45,4
0.0,0.0,0.0,0.0,0.0,0.0,0.0,1,40,2.3333333333333335,757,0.03624146261434214,757,Hollingshead,1,40,2
0.0,0.0,0.0,0.0,0.0,0.0,0.0,1,45,3.3333333333333335,758,0.040714669660347085,758,Mohamadou Kanté,3,45,19
0.0,0.0,0.0,0.0,0.0,0.0,0.0,0,40,3.0,759,0.036727507219131,759,Salmon,2,40,1
0.0,0.0,0.0,0.0,0.0,0.0,0.0,0,40,2.3333333333333335,760,0.03624146261434214,760,Lucky,2,40,12
0.0,0.0,0.0,0.0,0.0,0.0,0.0,0,40,3.3333333333333335,761,0.036727507219131,761,Simmonds,2,40,6
0.0,0.0,0.0,0.0,0.0,0.0,0.0,1,45,3.0,762,0.040714669660347085,762,Drakes-Thomas,3,45,8
0.0,0.0,0.0,0.0,0.0,0.0,0.0,1,45,2.6666666666666665,763,0.040714669660347085,763,Gray,3,45,13
0.0,0.0,0.0,0.0,0.0,0.0,0.0,1,45,2.6666666666666665,764,0.040714669660347085,764,Heskey,3,45,13
0.0,0.0,0.0,0.0,0.0,0.0,0.0,0,40,3.6666666666666665,765,0.036727507219131,765,Shahar,2,40,15
0.0,0.0,0.0,0.0,0.0,0.0,0.0,1,40,3.0,766,0.036727507219131,766,Olagunju,2,40,20
0.0,0.0,0.0,0.0,0.0,0.0,0.0,1,45,3.0,767,0.040714669660347085,767,Rawlings,3,45,20
0.0,0.0,0.0,0.0,0.0,0.0,0.0,1,40,2.3333333333333335,768,0.03624146261434214,768,Leon Routh,2,40,2
0.0,0.0,0.0,0.0,0.0,0.0,0.0,0,45,3.3333333333333335,769,0.040714669660347085,769,Bendito Mantato,3,45,14
0.0,0.0,0.0,0.0,0.0,0.0,0.0,0,45,3.0,770,0.040714669660347085,770,Ridgeon,3,45,10
0.3333333333333333,0.2,0.1333333333333333,0.3333333333333333,0.0033333333333333335,0.03333333333333333,1.0,0,44,3.3333333333333335,771,0.32487019184814336,771,Fletcher,3,44,14
0.0,0.0,0.0,0.0,0.0,0.0,0.0,0,45,3.6666666666666665,772,0.040714669660347085,772,Alabi,3,45,15
0.0,0.0,0.0,0.0,0.0,0.0,0.0,1,40,3.0,773,0.036727507219131,773,Benamar,2,40,8
0.0,0.0,0.0,0.0,0.0,0.0,0.0,1,40,2.6666666666666665,774,0.036727507219131,774,Jenson Jones,2,40,17
0.0,0.0,0.0,0.0,0.0,0.0,0.0,1,45,2.6666666666666665,775,0.040714669660347085,775,Tutierov,3,45,17
0.0,0.0,0.0,0.0,0.0,0.0,0.0,0,45,3.3333333333333335,776,0.040714669660347085,776,Pimlott,3,45,3
0.0,0.0,0.0,0.0,0.0,0.0,0.0,1,45,3.0,777,0.040714669660347085,777,Ojinnaka,3,45,20
0.0,0.0,0.0,0.0,0.0,0.0,0.0,1,45,3.0,778,0.040714669660347085,778,Sutherland,3,45,20
0.0,0.0,0.0,0.0,0.0,0.0,0.0,1,45,2.6666666666666665,779,0.040714669660347085,779,Graham,4,45,9
0.0,0.0,0.0,0.0,0.0,0.0,0.0,1,45,3.0,780,0.040714669660347085,780,Casey,4,45,8
0.0,0.0,0.0,0.0,0.0,0.0,0.0,1,40,2.3333333333333335,781,0.03624146261434214,781,Carroll,2,40,2
0.0,0.0,0.0,0.0,0.0,0.0,0.0,0,40,2.3333333333333335,782,0.03624146261434214,782,Forster,1,40,4
5.333333333333333,4.0,1.333333333333333,89.0,0.3466666666666667,8.1,24.666666666666668,0,55,3.3333333333333335,783,2.0431259887885242,783,Groß,3,55,6
0.0,0.0,0.0,0.0,0.0,0.0,0.0,0,45,3.3333333333333335,784,0.040714669660347085,784,Brierley,3,45,3
1.6666666666666667,1.6,0.06666666666666665,48.333333333333336,0.05666666666666667,1.5666666666666667,4.333333333333333,1,55,3.3333333333333335,785,1.8148421778640969,785,Pablo,4,55,19
0.0,0.0,0.0,0.0,0.0,0.0,0.0,0,40,3.0,786,0.036727507219131,786,McNally,1,40,10
0.0,0.0,0.0,0.0,0.0,0.0,0.0,0,44,3.3333333333333335,787,0.040714669660347085,787,Chambers,3,44,11
0.0,0.0,0.0,0.0,0.0,0.0,0.0,0,40,3.3333333333333335,788,0.036727507219131,788,Kukonki,2,40,14
0.0,0.0,0.0,0.0,0.0,0.0,0.0,1,40,3.3333333333333335,789,0.036727507219131,789,Merrick,1,40,7
0.0,0.0,0.0,0.0,0.0,0.0,0.0,1,45,3.3333333333333335,790,0.040714669660347085,790,Williams-Barnett,3,45,18
4.0,3.0,1.0,75.66666666666667,0.2866666666666667,5.766666666666666,19.333333333333332,1,55,3.3333333333333335,791,2.352940451793283,791,Taty,4,55,19
0.0,0.0,0.0,0.0,0.0,0.0,0.0,1,50,2.3333333333333335,792,0.12450687958753978,792,Alysson,3,50,2
0.0,0.0,0.0,0.0,0.0,0.0,0.0,1,40,3.0,793,0.036727507219131,793,King,2,40,8
0.0,1.0,-1.0,0.0,0.0,0.0,0.0,1,42,2.6666666666666665,794,0.1632052167143236,794,Alleyne,2,41,13
0.6666666666666666,0.4,0.2666666666666666,23.333333333333332,0.006666666666666667,0.3333333333333333,2.0,0,45,3.3333333333333335,795,0.9912882837418698,795,Howell,3,45,6
3.6666666666666665,3.25,0.4166666666666665,84.33333333333333,0.24666666666666667,5.866666666666667,18.0,1,54,3.3333333333333335,796,2.8943584561679536,796,Gallagher,3,54,18
0.0,0.0,0.0,0.0,0.0,0.0,0.0,1,45,2.6666666666666665,797,0.040714669660347085,797,Furo,4,45,5
0.0,0.0,0.0,0.0,0.0,0.0,0.0,1,40,3.0,798,0.036727507219131,798,Imray,2,40,8
0.0,0.0,0.0,0.0,0.0,0.0,0.0,0,45,2.3333333333333335,799,0.04022862505555823,799,Stevens,3,45,4
0.0,0.0,0.0,0.0,0.0,0.0,0.0,1,50,2.6666666666666665,800,0.12499292419232864,800,Jocelin.T,3,50,17
0.6666666666666666,0.6666666666666666,0.0,3.0,0.02,0.16666666666666666,2.3333333333333335,0,50,2.3333333333333335,801,0.8200768394008621,801,Tóth.A,3,50,4
0.0,0.0,0.0,0.0,0.0,0.0,0.0,1,50,3.3333333333333335,802,0.12499292419232864,802,Lamadrid,3,50,19
0.0,0.0,0.0,0.0,0.0,0.0,0.0,1,40,3.3333333333333335,803,0.036727507219131,803,Sharman-Lowe,1,40,7
0.5,0.5,0.0,17.5,0.0,0.8,0.5,1,40,3.3333333333333335,804,0.9655786987960575,804,Souza,2,40,18
2.5,2.5,0.0,18.0,0.08,2.6,13.5,1,55,3.6666666666666665,805,1.5775018935981657,805,Lucca,4,55,16
0.0,0.0,0.0,0.0,0.0,0.0,0.0,0,40,2.3333333333333335,806,0.03624146261434214,806,Mandas,1,40,4
6.5,6.5,0.0,54.0,0.39,6.15,21.5,0,55,2.3333333333333335,807,5.721338713306412,807,Rayan,3,55,4
1.5,1.5,0.0,47.0,0.36,2.8,4.5,1,60,2.3333333333333335,808,2.4587625223847493,808,Abraham,4,60,2
0.0,0.0,0.0,0.0,0.0,0.0,0.0,1,45,3.0,809,0.040714669660347085,809,Abbey,3,45,20
0.0,0.0,0.0,0.0,0.0,0.0,0.0,1,45,2.6666666666666665,810,0.040714669660347085,810,Bentt,3,45,5
0.0,0.0,0.0,0.0,0.0,0.0,0.0,1,45,3.3333333333333335,811,0.040714669660347085,811,Kyerematen,3,45,18
0.0,0.0,0.0,0.0,0.0,0.0,0.0,1,40,2.6666666666666665,812,0.036727507219131,812,Ellborg,1,40,17
1.0,1.0,0.0,5.0,0.02,1.7,5.0,1,50,2.6666666666666665,813,1.2472772446352827,813,Angulo,3,50,17
1.0,1.0,0.0,14.0,0.36,0.4,3.0,1,45,3.6666666666666665,814,1.490106572001102,814,Netz,2,45,16
6.0,6.0,0.0,90.0,0.02,2.6,29.0,1,45,3.3333333333333335,815,2.5208899041806285,815,Disasi,2,45,19
2.5,2.5,0.0,77.5,0.06,4.0,19.0,1,50,3.0,816,1.9503925422712487,816,Angel,3,50,20
3.0,3.0,0.0,90.0,0.185,3.45,10.5,1,55,3.0,817,3.6338571852003314,817,Armstrong,4,55,20
